<?xml version="1.0" encoding="UTF-8" standalone="no" ?>
<COLLADA xmlns="http://www.collada.org/2005/11/COLLADASchema" version="1.4.1">
    <asset>
        <contributor>
            <authoring_tool>SketchUp 17.2.2555</authoring_tool>
        </contributor>
        <created>2023-06-19T23:47:31Z</created>
        <modified>2023-06-19T23:47:31Z</modified>
        <unit meter="0.0254" name="inch" />
        <up_axis>Z_UP</up_axis>
    </asset>
    <library_cameras>
        <camera id="ID1" name="skp_camera_Last_Saved_SketchUp_View">
            <optics>
                <technique_common>
                    <perspective>
                        <yfov>35</yfov>
                        <aspect_ratio>0</aspect_ratio>
                        <znear>0.1</znear>
                        <zfar>2</zfar>
                    </perspective>
                </technique_common>
            </optics>
        </camera>
    </library_cameras>
    <library_visual_scenes>
        <visual_scene id="ID2">
            <node name="SketchUp">
                <node name="skp_camera_Last_Saved_SketchUp_View">
                    <matrix>0.9177498 0.07137336 -0.3906931 -45.36759 -0.397159 0.1649286 -0.9028085 -94.84457 0 0.9837196 0.1797098 44.25331 0 0 0 1</matrix>
                    <instance_camera url="#ID1" />
                </node>
                <node id="ID3" name="group_0">
                    <matrix>1 0 0 -17.24395 0 1 0 -10.30846 0 0 1 16.39542 0 0 0 1</matrix>
                    <instance_geometry url="#ID4">
                        <bind_material>
                            <technique_common>
                                <instance_material symbol="Material2" target="#ID5">
                                    <bind_vertex_input semantic="UVSET0" input_semantic="TEXCOORD" input_set="0" />
                                </instance_material>
                            </technique_common>
                        </bind_material>
                    </instance_geometry>
                </node>
                <node id="ID17" name="group_1">
                    <matrix>-1 0 0 18.96605 0 1 0 -10.30846 0 -0 1 16.39542 0 0 0 1</matrix>
                    <instance_geometry url="#ID18">
                        <bind_material>
                            <technique_common>
                                <instance_material symbol="Material2" target="#ID5">
                                    <bind_vertex_input semantic="UVSET0" input_semantic="TEXCOORD" input_set="0" />
                                </instance_material>
                            </technique_common>
                        </bind_material>
                    </instance_geometry>
                </node>
                <node id="ID26" name="group_2">
                    <matrix>1 0 0 -17.24395 0 1 0 -10.30846 0 0 1 18.35067 0 0 0 1</matrix>
                    <instance_geometry url="#ID27">
                        <bind_material>
                            <technique_common>
                                <instance_material symbol="Material2" target="#ID5">
                                    <bind_vertex_input semantic="UVSET0" input_semantic="TEXCOORD" input_set="0" />
                                </instance_material>
                            </technique_common>
                        </bind_material>
                    </instance_geometry>
                </node>
                <node id="ID35" name="group_3">
                    <matrix>1 0 0 -16.61708 0 1 0 -13.82463 0 0 1 -3.552714e-15 0 0 0 1</matrix>
                    <instance_geometry url="#ID36">
                        <bind_material>
                            <technique_common>
                                <instance_material symbol="Material2" target="#ID5">
                                    <bind_vertex_input semantic="UVSET0" input_semantic="TEXCOORD" input_set="0" />
                                </instance_material>
                            </technique_common>
                        </bind_material>
                    </instance_geometry>
                    <instance_geometry url="#ID44">
                        <bind_material>
                            <technique_common>
                                <instance_material symbol="Material2" target="#ID5">
                                    <bind_vertex_input semantic="UVSET0" input_semantic="TEXCOORD" input_set="0" />
                                </instance_material>
                            </technique_common>
                        </bind_material>
                    </instance_geometry>
                </node>
                <node id="ID52" name="group_4">
                    <matrix>0.9149597 -0.4035453 0 -8.690663 0.4035453 0.9149597 0 -9.950567 -0 0 1 4.5 0 0 0 1</matrix>
                    <instance_geometry url="#ID53">
                        <bind_material>
                            <technique_common>
                                <instance_material symbol="Material2" target="#ID54">
                                    <bind_vertex_input semantic="UVSET0" input_semantic="TEXCOORD" input_set="0" />
                                </instance_material>
                            </technique_common>
                        </bind_material>
                    </instance_geometry>
                </node>
                <node id="ID66" name="group_5">
                    <matrix>-0.9971851 -0.07497873 0 12.66546 0.07497873 -0.9971851 0 4.973185 0 0 1 4.5 0 0 0 1</matrix>
                    <instance_geometry url="#ID67">
                        <bind_material>
                            <technique_common>
                                <instance_material symbol="Material2" target="#ID54">
                                    <bind_vertex_input semantic="UVSET0" input_semantic="TEXCOORD" input_set="0" />
                                </instance_material>
                            </technique_common>
                        </bind_material>
                    </instance_geometry>
                </node>
                <node id="ID75" name="group_6">
                    <matrix>0.9806147 0.1959461 0 -11.26546 -0.1959461 0.9806147 0 -2.328729 0 -0 1 19.10067 0 0 0 1</matrix>
                    <instance_geometry url="#ID76">
                        <bind_material>
                            <technique_common>
                                <instance_material symbol="Material2" target="#ID54">
                                    <bind_vertex_input semantic="UVSET0" input_semantic="TEXCOORD" input_set="0" />
                                </instance_material>
                            </technique_common>
                        </bind_material>
                    </instance_geometry>
                </node>
                <node id="ID84" name="instance_0">
                    <matrix>1 0 0 0.8201044 0 1 0 -1.00218 0 0 1 4 0 0 0 1</matrix>
                    <instance_node url="#ID85" />
                </node>
            </node>
        </visual_scene>
    </library_visual_scenes>
    <library_geometries>
        <geometry id="ID4">
            <mesh>
                <source id="ID10">
                    <float_array id="ID14" count="96">0 24.5625 1.955247 0.75 24.5625 0 0 24.5625 0 0.75 24.5625 1.955247 0.75 24.5625 1.955247 0 24.5625 1.955247 0.75 24.5625 0 0 24.5625 0 0.75 24.5625 0 0.75 0 1.955247 0.75 0 0 0.75 24.5625 1.955247 0.75 24.5625 1.955247 0.75 24.5625 0 0.75 0 1.955247 0.75 0 0 0.75 24.5625 0 0 0 0 0 24.5625 0 0.75 0 0 0.75 0 0 0.75 24.5625 0 0 0 0 0 24.5625 0 0.75 0 1.955247 0 0 0 0.75 0 0 0 0 1.955247 0 0 1.955247 0.75 0 1.955247 0 0 0 0.75 0 0</float_array>
                    <technique_common>
                        <accessor count="32" source="#ID14" stride="3">
                            <param name="X" type="float" />
                            <param name="Y" type="float" />
                            <param name="Z" type="float" />
                        </accessor>
                    </technique_common>
                </source>
                <source id="ID11">
                    <float_array id="ID15" count="96">0 1 9.085075e-16 0 1 9.085075e-16 0 1 9.085075e-16 0 1 9.085075e-16 -0 -1 -9.085075e-16 -0 -1 -9.085075e-16 -0 -1 -9.085075e-16 -0 -1 -9.085075e-16 1 0 0 1 0 0 1 0 0 1 0 0 -1 -0 -0 -1 -0 -0 -1 -0 -0 -1 -0 -0 0 0 -1 0 0 -1 0 0 -1 0 0 -1 -0 -0 1 -0 -0 1 -0 -0 1 -0 -0 1 0 -1 0 0 -1 0 0 -1 0 0 -1 0 -0 1 -0 -0 1 -0 -0 1 -0 -0 1 -0</float_array>
                    <technique_common>
                        <accessor count="32" source="#ID15" stride="3">
                            <param name="X" type="float" />
                            <param name="Y" type="float" />
                            <param name="Z" type="float" />
                        </accessor>
                    </technique_common>
                </source>
                <source id="ID13">
                    <float_array id="ID16" count="28">0.6203026 0.04791486 0.6019233 1.774937e-30 0.6203026 -3.339553e-17 0.6019233 0.04791486 0.6019233 2.300844e-31 1.134243e-16 0.04791486 0 0 0.6019233 0.04791486 0.6019233 0 7.025479e-33 -0.01837934 0.6019233 -0.01837934 0 0.04791486 -0.01837934 0 -0.01837934 0.04791486</float_array>
                    <technique_common>
                        <accessor count="14" source="#ID16" stride="2">
                            <param name="S" type="float" />
                            <param name="T" type="float" />
                        </accessor>
                    </technique_common>
                </source>
                <vertices id="ID12">
                    <input semantic="POSITION" source="#ID10" />
                    <input semantic="NORMAL" source="#ID11" />
                </vertices>
                <triangles count="16" material="Material2">
                    <input offset="0" semantic="VERTEX" source="#ID12" />
                    <input offset="1" semantic="TEXCOORD" source="#ID13" />
                    <p>0 0 1 1 2 2 1 1 0 0 3 3 4 3 5 0 6 1 7 2 6 1 5 0 8 4 9 5 10 6 9 5 8 4 11 7 12 7 13 4 14 5 15 6 14 5 13 4 16 8 17 9 18 10 17 9 16 8 19 6 20 6 21 8 22 9 23 10 22 9 21 8 24 11 25 12 26 6 25 12 24 11 27 13 28 13 29 11 30 12 31 6 30 12 29 11</p>
                </triangles>
            </mesh>
        </geometry>
        <geometry id="ID18">
            <mesh>
                <source id="ID19">
                    <float_array id="ID23" count="96">0.75 24.5625 1.955247 0 24.5625 1.955247 0.75 24.5625 0 0 24.5625 0 0 24.5625 1.955247 0.75 24.5625 0 0 24.5625 0 0.75 24.5625 1.955247 0.75 24.5625 1.955247 0.75 24.5625 0 0.75 0 1.955247 0.75 0 0 0.75 24.5625 0 0.75 0 1.955247 0.75 0 0 0.75 24.5625 1.955247 0.75 0 0 0.75 24.5625 0 0 0 0 0 24.5625 0 0.75 24.5625 0 0 0 0 0 24.5625 0 0.75 0 0 0 0 1.955247 0.75 0 1.955247 0 0 0 0.75 0 0 0.75 0 1.955247 0 0 0 0.75 0 0 0 0 1.955247</float_array>
                    <technique_common>
                        <accessor count="32" source="#ID23" stride="3">
                            <param name="X" type="float" />
                            <param name="Y" type="float" />
                            <param name="Z" type="float" />
                        </accessor>
                    </technique_common>
                </source>
                <source id="ID20">
                    <float_array id="ID24" count="96">0 1 9.085075e-16 0 1 9.085075e-16 0 1 9.085075e-16 0 1 9.085075e-16 -0 -1 -9.085075e-16 -0 -1 -9.085075e-16 -0 -1 -9.085075e-16 -0 -1 -9.085075e-16 1 0 0 1 0 0 1 0 0 1 0 0 -1 -0 -0 -1 -0 -0 -1 -0 -0 -1 -0 -0 0 0 -1 0 0 -1 0 0 -1 0 0 -1 -0 -0 1 -0 -0 1 -0 -0 1 -0 -0 1 0 -1 0 0 -1 0 0 -1 0 0 -1 0 -0 1 -0 -0 1 -0 -0 1 -0 -0 1 -0</float_array>
                    <technique_common>
                        <accessor count="32" source="#ID24" stride="3">
                            <param name="X" type="float" />
                            <param name="Y" type="float" />
                            <param name="Z" type="float" />
                        </accessor>
                    </technique_common>
                </source>
                <source id="ID22">
                    <float_array id="ID25" count="28">0.6019233 0.04791486 0.6203026 0.04791486 0.6019233 1.362302e-17 0.6203026 -1.977251e-17 0.6019233 0.04791486 0.6019233 2.300844e-31 1.134243e-16 0.04791486 0 0 0.6019233 0 7.025479e-33 -0.01837934 0.6019233 -0.01837934 -0.01837934 0.04791486 0 0.04791486 -0.01837934 0</float_array>
                    <technique_common>
                        <accessor count="14" source="#ID25" stride="2">
                            <param name="S" type="float" />
                            <param name="T" type="float" />
                        </accessor>
                    </technique_common>
                </source>
                <vertices id="ID21">
                    <input semantic="POSITION" source="#ID19" />
                    <input semantic="NORMAL" source="#ID20" />
                </vertices>
                <triangles count="16" material="Material2">
                    <input offset="0" semantic="VERTEX" source="#ID21" />
                    <input offset="1" semantic="TEXCOORD" source="#ID22" />
                    <p>0 0 1 1 2 2 3 3 2 2 1 1 4 1 5 2 6 3 5 2 4 1 7 0 8 4 9 5 10 6 11 7 10 6 9 5 12 5 13 6 14 7 13 6 12 5 15 4 16 7 17 8 18 9 19 10 18 9 17 8 20 8 21 9 22 10 21 9 20 8 23 7 24 11 25 12 26 13 27 7 26 13 25 12 28 12 29 13 30 7 29 13 28 12 31 11</p>
                </triangles>
            </mesh>
        </geometry>
        <geometry id="ID27">
            <mesh>
                <source id="ID28">
                    <float_array id="ID32" count="120">36.21 0 0.75 0 24.5625 0.75 0 0 0.75 36.21 24.5625 0.75 36.21 24.5625 0.75 36.21 0 0.75 0 24.5625 0.75 0 0 0.75 0 24.5625 0.75 0.75 24.5625 0 0 24.5625 0 35.46 24.5625 0 36.21 24.5625 0 36.21 24.5625 0.75 36.21 24.5625 0.75 0 24.5625 0.75 36.21 24.5625 0 35.46 24.5625 0 0.75 24.5625 0 0 24.5625 0 36.21 0 0.75 35.46 1.776357e-15 0 36.21 0 0 0.75 0 0 0 0 0 0 0 0.75 0 0 0.75 36.21 0 0.75 0 0 0 0.75 0 0 35.46 1.776357e-15 0 36.21 0 0 35.46 24.5625 0 0.75 0 0 0.75 24.5625 0 35.46 1.776357e-15 0 35.46 1.776357e-15 0 35.46 24.5625 0 0.75 0 0 0.75 24.5625 0</float_array>
                    <technique_common>
                        <accessor count="40" source="#ID32" stride="3">
                            <param name="X" type="float" />
                            <param name="Y" type="float" />
                            <param name="Z" type="float" />
                        </accessor>
                    </technique_common>
                </source>
                <source id="ID29">
                    <float_array id="ID33" count="120">0 0 1 0 0 1 0 0 1 0 0 1 -0 -0 -1 -0 -0 -1 -0 -0 -1 -0 -0 -1 0 1 0 0 1 0 0 1 0 0 1 0 0 1 0 0 1 0 -0 -1 -0 -0 -1 -0 -0 -1 -0 -0 -1 -0 -0 -1 -0 -0 -1 -0 1.611067e-17 -1 -5.921189e-16 1.611067e-17 -1 -5.921189e-16 1.611067e-17 -1 -5.921189e-16 1.611067e-17 -1 -5.921189e-16 1.611067e-17 -1 -5.921189e-16 1.611067e-17 -1 -5.921189e-16 -1.611067e-17 1 5.921189e-16 -1.611067e-17 1 5.921189e-16 -1.611067e-17 1 5.921189e-16 -1.611067e-17 1 5.921189e-16 -1.611067e-17 1 5.921189e-16 -1.611067e-17 1 5.921189e-16 0 0 -1 0 0 -1 0 0 -1 0 0 -1 -0 -0 1 -0 -0 1 -0 -0 1 -0 -0 1</float_array>
                    <technique_common>
                        <accessor count="40" source="#ID33" stride="3">
                            <param name="X" type="float" />
                            <param name="Y" type="float" />
                            <param name="Z" type="float" />
                        </accessor>
                    </technique_common>
                </source>
                <source id="ID31">
                    <float_array id="ID34" count="40">0.8873544 0.144 0 0.7459233 0 0.144 0.8873544 0.7459233 5.004009e-16 0.7459233 0.01837934 0.7643026 2.600294e-16 0.7643026 0.8689751 0.7643026 0.8873544 0.7643026 0.8873544 0.7459233 0.8873544 0.144 0.8689751 0.1256207 0.8873544 0.1256207 0.01837934 0.1256207 0 0.1256207 0 0.144 0.8689751 0.7643026 0.01837934 1.366226 0.01837934 0.7643026 0.8689751 1.366226</float_array>
                    <technique_common>
                        <accessor count="20" source="#ID34" stride="2">
                            <param name="S" type="float" />
                            <param name="T" type="float" />
                        </accessor>
                    </technique_common>
                </source>
                <vertices id="ID30">
                    <input semantic="POSITION" source="#ID28" />
                    <input semantic="NORMAL" source="#ID29" />
                </vertices>
                <triangles count="24" material="Material2">
                    <input offset="0" semantic="VERTEX" source="#ID30" />
                    <input offset="1" semantic="TEXCOORD" source="#ID31" />
                    <p>0 0 1 1 2 2 1 1 0 0 3 3 4 3 5 0 6 1 7 2 6 1 5 0 8 4 9 5 10 6 9 5 8 4 11 7 11 7 8 4 12 8 12 8 8 4 13 9 14 9 15 4 16 8 16 8 15 4 17 7 17 7 15 4 18 5 19 6 18 5 15 4 20 10 21 11 22 12 21 11 20 10 23 13 23 13 20 10 24 14 24 14 20 10 25 15 26 15 27 10 28 14 28 14 27 10 29 13 29 13 27 10 30 11 31 12 30 11 27 10 32 16 33 17 34 18 33 17 32 16 35 19 36 19 37 16 38 17 39 18 38 17 37 16</p>
                </triangles>
            </mesh>
        </geometry>
        <geometry id="ID36">
            <mesh>
                <source id="ID37">
                    <float_array id="ID41" count="168">34.89376 2.131628e-14 4 31.39376 1.328673 4 31.39376 2.131628e-14 4 34.89376 1.328673 4 34.89376 1.328673 4 34.89376 2.131628e-14 4 31.39376 1.328673 4 31.39376 2.131628e-14 4 34.89376 29.40735 0 34.89376 2.131628e-14 4 34.89376 2.131628e-14 0 34.89376 1.328673 4 34.89376 28.07867 4 34.89376 29.40735 4 34.89376 29.40735 4 34.89376 29.40735 0 34.89376 28.07867 4 34.89376 1.328673 4 34.89376 2.131628e-14 4 34.89376 2.131628e-14 0 31.39376 1.328673 4 31.39376 2.131628e-14 0 31.39376 2.131628e-14 4 31.39376 29.40735 0 31.39376 28.07867 4 31.39376 29.40735 4 31.39376 29.40735 4 31.39376 28.07867 4 31.39376 29.40735 0 31.39376 1.328673 4 31.39376 2.131628e-14 0 31.39376 2.131628e-14 4 34.89376 2.131628e-14 4 31.39376 2.131628e-14 0 34.89376 2.131628e-14 0 31.39376 2.131628e-14 4 31.39376 2.131628e-14 4 34.89376 2.131628e-14 4 31.39376 2.131628e-14 0 34.89376 2.131628e-14 0 31.39376 29.40735 4 34.89376 29.40735 0 31.39376 29.40735 0 34.89376 29.40735 4 34.89376 29.40735 4 31.39376 29.40735 4 34.89376 29.40735 0 31.39376 29.40735 0 34.89376 28.07867 4 31.39376 29.40735 4 31.39376 28.07867 4 34.89376 29.40735 4 34.89376 29.40735 4 34.89376 28.07867 4 31.39376 29.40735 4 31.39376 28.07867 4</float_array>
                    <technique_common>
                        <accessor count="56" source="#ID41" stride="3">
                            <param name="X" type="float" />
                            <param name="Y" type="float" />
                            <param name="Z" type="float" />
                        </accessor>
                    </technique_common>
                </source>
                <source id="ID38">
                    <float_array id="ID42" count="168">0 -1.336941e-15 1 0 -1.336941e-15 1 0 -1.336941e-15 1 0 -1.336941e-15 1 -0 1.336941e-15 -1 -0 1.336941e-15 -1 -0 1.336941e-15 -1 -0 1.336941e-15 -1 1 0 0 1 0 0 1 0 0 1 0 0 1 0 0 1 0 0 -1 -0 -0 -1 -0 -0 -1 -0 -0 -1 -0 -0 -1 -0 -0 -1 -0 -0 -1 0 0 -1 0 0 -1 0 0 -1 0 0 -1 0 0 -1 0 0 1 -0 -0 1 -0 -0 1 -0 -0 1 -0 -0 1 -0 -0 1 -0 -0 0 -1 0 0 -1 0 0 -1 0 0 -1 0 -0 1 -0 -0 1 -0 -0 1 -0 -0 1 -0 0 1 0 0 1 0 0 1 0 0 1 0 -0 -1 -0 -0 -1 -0 -0 -1 -0 -0 -1 -0 0 -1.336941e-15 1 0 -1.336941e-15 1 0 -1.336941e-15 1 0 -1.336941e-15 1 -0 1.336941e-15 -1 -0 1.336941e-15 -1 -0 1.336941e-15 -1 -0 1.336941e-15 -1</float_array>
                    <technique_common>
                        <accessor count="56" source="#ID42" stride="3">
                            <param name="X" type="float" />
                            <param name="Y" type="float" />
                            <param name="Z" type="float" />
                        </accessor>
                    </technique_common>
                </source>
                <source id="ID40">
                    <float_array id="ID43" count="54">0.72065 0.4717934 0.6880899 0.3860231 0.72065 0.3860231 0.6880899 0.4717934 0.72065 7.632783e-17 9.860761e-32 0.09802313 9.860761e-32 -1.094764e-47 0.03256016 0.09802313 0.6880899 0.09802313 0.72065 0.09802313 0.72065 0.288 0.72065 0.3860231 0 0.288 0.03256016 0.3860231 1.110223e-16 0.3860231 0.8064203 0.3860231 0.72065 0.288 0.8064203 0.288 0.72065 0.3860231 0.8064203 0.09802313 0.72065 1.523586e-16 0.8064203 1.523586e-16 0.72065 0.09802313 0.03256016 0.4717934 -6.661338e-16 0.3860231 0.03256016 0.3860231 -8.881784e-16 0.4717934</float_array>
                    <technique_common>
                        <accessor count="27" source="#ID43" stride="2">
                            <param name="S" type="float" />
                            <param name="T" type="float" />
                        </accessor>
                    </technique_common>
                </source>
                <vertices id="ID39">
                    <input semantic="POSITION" source="#ID37" />
                    <input semantic="NORMAL" source="#ID38" />
                </vertices>
                <triangles count="32" material="Material2">
                    <input offset="0" semantic="VERTEX" source="#ID39" />
                    <input offset="1" semantic="TEXCOORD" source="#ID40" />
                    <p>0 0 1 1 2 2 1 1 0 0 3 3 4 3 5 0 6 1 7 2 6 1 5 0 8 4 9 5 10 6 9 5 8 4 11 7 11 7 8 4 12 8 12 8 8 4 13 9 14 9 15 4 16 8 16 8 15 4 17 7 17 7 15 4 18 5 19 6 18 5 15 4 20 1 21 10 22 11 21 10 20 1 23 12 23 12 20 1 24 13 23 12 24 13 25 14 26 14 27 13 28 12 27 13 29 1 28 12 28 12 29 1 30 10 31 11 30 10 29 1 32 15 33 16 34 17 33 16 32 15 35 18 36 18 37 15 38 16 39 17 38 16 37 15 40 19 41 20 42 21 41 20 40 19 43 22 44 22 45 19 46 20 47 21 46 20 45 19 48 23 49 24 50 25 49 24 48 23 51 26 52 26 53 23 54 24 55 25 54 24 53 23</p>
                </triangles>
            </mesh>
        </geometry>
        <geometry id="ID44">
            <mesh>
                <source id="ID45">
                    <float_array id="ID49" count="168">3.5 0 4 0 1.328673 4 0 0 4 3.5 1.328673 4 3.5 1.328673 4 3.5 0 4 0 1.328673 4 0 0 4 3.5 29.40735 0 3.5 0 4 3.5 0 0 3.5 1.328673 4 3.5 28.07867 4 3.5 29.40735 4 3.5 29.40735 4 3.5 29.40735 0 3.5 28.07867 4 3.5 1.328673 4 3.5 0 4 3.5 0 0 0 1.328673 4 0 0 0 0 0 4 0 29.40735 0 0 28.07867 4 0 29.40735 4 0 29.40735 4 0 28.07867 4 0 29.40735 0 0 1.328673 4 0 0 0 0 0 4 3.5 0 4 0 0 0 3.5 0 0 0 0 4 0 0 4 3.5 0 4 0 0 0 3.5 0 0 0 29.40735 4 3.5 29.40735 0 0 29.40735 0 3.5 29.40735 4 3.5 29.40735 4 0 29.40735 4 3.5 29.40735 0 0 29.40735 0 3.5 28.07867 4 0 29.40735 4 0 28.07867 4 3.5 29.40735 4 3.5 29.40735 4 3.5 28.07867 4 0 29.40735 4 0 28.07867 4</float_array>
                    <technique_common>
                        <accessor count="56" source="#ID49" stride="3">
                            <param name="X" type="float" />
                            <param name="Y" type="float" />
                            <param name="Z" type="float" />
                        </accessor>
                    </technique_common>
                </source>
                <source id="ID46">
                    <float_array id="ID50" count="168">0 -1.336941e-15 1 0 -1.336941e-15 1 0 -1.336941e-15 1 0 -1.336941e-15 1 -0 1.336941e-15 -1 -0 1.336941e-15 -1 -0 1.336941e-15 -1 -0 1.336941e-15 -1 1 0 0 1 0 0 1 0 0 1 0 0 1 0 0 1 0 0 -1 -0 -0 -1 -0 -0 -1 -0 -0 -1 -0 -0 -1 -0 -0 -1 -0 -0 -1 0 0 -1 0 0 -1 0 0 -1 0 0 -1 0 0 -1 0 0 1 -0 -0 1 -0 -0 1 -0 -0 1 -0 -0 1 -0 -0 1 -0 -0 0 -1 0 0 -1 0 0 -1 0 0 -1 0 -0 1 -0 -0 1 -0 -0 1 -0 -0 1 -0 0 1 0 0 1 0 0 1 0 0 1 0 -0 -1 -0 -0 -1 -0 -0 -1 -0 -0 -1 -0 1.268826e-16 -1.002706e-15 1 1.268826e-16 -1.002706e-15 1 1.268826e-16 -1.002706e-15 1 1.268826e-16 -1.002706e-15 1 -1.268826e-16 1.002706e-15 -1 -1.268826e-16 1.002706e-15 -1 -1.268826e-16 1.002706e-15 -1 -1.268826e-16 1.002706e-15 -1</float_array>
                    <technique_common>
                        <accessor count="56" source="#ID50" stride="3">
                            <param name="X" type="float" />
                            <param name="Y" type="float" />
                            <param name="Z" type="float" />
                        </accessor>
                    </technique_common>
                </source>
                <source id="ID48">
                    <float_array id="ID51" count="54">1.073667e-16 0.09802313 0.03256016 0.1837934 8.664283e-17 0.1837934 0.03256016 0.09802313 0.72065 0 0 0.09802313 0 0 0.6880899 0.09802313 0.72065 0.09802313 0.03256016 0.09802313 1.69009 0.3030231 1.72265 0.205 1.72265 0.3030231 1.002 0.205 1.03456 0.3030231 1.002 0.3030231 1.387779e-17 0.09802313 -0.08577024 -9.52241e-18 -0.08577024 0.09802313 1.002 0.3030231 0.9162298 0.205 1.002 0.205 0.9162298 0.3030231 0.6880899 0.09802313 0.72065 0.1837934 0.6880899 0.1837934 0.72065 0.09802313</float_array>
                    <technique_common>
                        <accessor count="27" source="#ID51" stride="2">
                            <param name="S" type="float" />
                            <param name="T" type="float" />
                        </accessor>
                    </technique_common>
                </source>
                <vertices id="ID47">
                    <input semantic="POSITION" source="#ID45" />
                    <input semantic="NORMAL" source="#ID46" />
                </vertices>
                <triangles count="32" material="Material2">
                    <input offset="0" semantic="VERTEX" source="#ID47" />
                    <input offset="1" semantic="TEXCOORD" source="#ID48" />
                    <p>0 0 1 1 2 2 1 1 0 0 3 3 4 3 5 0 6 1 7 2 6 1 5 0 8 4 9 5 10 6 9 5 8 4 11 3 11 3 8 4 12 7 12 7 8 4 13 8 14 8 15 4 16 7 16 7 15 4 17 9 17 9 15 4 18 5 19 6 18 5 15 4 20 10 21 11 22 12 21 11 20 10 23 13 23 13 20 10 24 14 23 13 24 14 25 15 26 15 27 14 28 13 27 14 29 10 28 13 28 13 29 10 30 11 31 12 30 11 29 10 32 16 33 17 34 6 33 17 32 16 35 18 36 18 37 16 38 17 39 6 38 17 37 16 40 19 41 20 42 21 41 20 40 19 43 22 44 22 45 19 46 20 47 21 46 20 45 19 48 23 49 24 50 25 49 24 48 23 51 26 52 26 53 23 54 24 55 25 54 24 53 23</p>
                </triangles>
            </mesh>
        </geometry>
        <geometry id="ID53">
            <mesh>
                <source id="ID59">
                    <float_array id="ID63" count="144">10 0 9.875 0 0 0 10 0 0 0 0 9.875 5 0 9.875 5 0 9.875 10 0 9.875 0 0 9.875 0 0 0 10 0 0 10 15.1875 0 10 0 9.875 10 0 0 10 15.1875 9.875 10 15.1875 9.875 10 15.1875 0 10 0 9.875 10 0 0 10 0 9.875 5 15.1875 9.875 5 0 9.875 10 15.1875 9.875 10 15.1875 9.875 10 0 9.875 5 15.1875 9.875 5 0 9.875 0 15.1875 9.875 0 0 9.875 0 15.1875 9.875 0 0 9.875 0 15.1875 9.875 0 0 0 0 0 9.875 0 15.1875 0 0 15.1875 0 0 15.1875 9.875 0 0 0 0 0 9.875 0 15.1875 9.875 10 15.1875 0 0 15.1875 0 10 15.1875 9.875 5 15.1875 9.875 5 15.1875 9.875 0 15.1875 9.875 10 15.1875 9.875 10 15.1875 0 0 15.1875 0</float_array>
                    <technique_common>
                        <accessor count="48" source="#ID63" stride="3">
                            <param name="X" type="float" />
                            <param name="Y" type="float" />
                            <param name="Z" type="float" />
                        </accessor>
                    </technique_common>
                </source>
                <source id="ID60">
                    <float_array id="ID64" count="144">0 -1 0 0 -1 0 0 -1 0 0 -1 0 0 -1 0 -0 1 -0 -0 1 -0 -0 1 -0 -0 1 -0 -0 1 -0 1 0 0 1 0 0 1 0 0 1 0 0 -1 -0 -0 -1 -0 -0 -1 -0 -0 -1 -0 -0 0 0 1 0 0 1 0 0 1 0 0 1 -0 -0 -1 -0 -0 -1 -0 -0 -1 -0 -0 -1 0 0 1 0 0 1 -0 -0 -1 -0 -0 -1 -1 0 0 -1 0 0 -1 0 0 -1 0 0 1 -0 -0 1 -0 -0 1 -0 -0 1 -0 -0 0 1 0 0 1 0 0 1 0 0 1 0 0 1 0 -0 -1 -0 -0 -1 -0 -0 -1 -0 -0 -1 -0 -0 -1 -0</float_array>
                    <technique_common>
                        <accessor count="48" source="#ID64" stride="3">
                            <param name="X" type="float" />
                            <param name="Y" type="float" />
                            <param name="Z" type="float" />
                        </accessor>
                    </technique_common>
                </source>
                <source id="ID62">
                    <float_array id="ID65" count="52">2.57939 0.2561677 2.319979 4.196221e-17 2.57939 2.604412e-17 2.319979 0.2561677 2.449685 0.2561677 2.973369 -9.216107e-17 2.57939 0.2561677 2.57939 -9.216107e-17 2.973369 0.2561677 0.001 0 0.3949795 0.1297052 0.001 0.1297052 0.3949795 0 0.3979795 0.1297052 0.004 -4.608054e-17 0.3979795 -4.608054e-17 0.004 0.1297052 1.926 0.2561677 2.319979 4.88807e-17 2.319979 0.2561677 1.926 7.18814e-17 1.926 0.2561677 1.66659 3.049836e-17 1.926 1.731405e-17 1.66659 0.2561677 1.796295 0.2561677</float_array>
                    <technique_common>
                        <accessor count="26" source="#ID65" stride="2">
                            <param name="S" type="float" />
                            <param name="T" type="float" />
                        </accessor>
                    </technique_common>
                </source>
                <vertices id="ID61">
                    <input semantic="POSITION" source="#ID59" />
                    <input semantic="NORMAL" source="#ID60" />
                </vertices>
                <triangles count="28" material="Material2">
                    <input offset="0" semantic="VERTEX" source="#ID61" />
                    <input offset="1" semantic="TEXCOORD" source="#ID62" />
                    <p>0 0 1 1 2 2 1 1 0 0 3 3 3 3 0 0 4 4 5 4 6 0 7 3 7 3 6 0 8 1 9 2 8 1 6 0 10 5 11 6 12 7 11 6 10 5 13 8 14 8 15 5 16 6 17 7 16 6 15 5 18 9 19 10 20 11 19 10 18 9 21 12 22 12 23 9 24 10 25 11 24 10 23 9 20 13 26 14 27 15 26 14 20 13 19 16 24 16 25 13 28 14 29 15 28 14 25 13 30 17 31 18 32 19 31 18 30 17 33 20 34 20 35 17 36 18 37 19 36 18 35 17 38 21 39 22 40 23 39 22 38 21 41 24 41 24 38 21 42 25 43 25 44 21 45 24 45 24 44 21 46 22 47 23 46 22 44 21</p>
                </triangles>
            </mesh>
        </geometry>
        <geometry id="ID67">
            <mesh>
                <source id="ID68">
                    <float_array id="ID72" count="144">10 15.1875 0 10 0 9.875 10 0 0 10 15.1875 9.875 10 15.1875 9.875 10 15.1875 0 10 0 9.875 10 0 0 0 15.1875 9.875 10 15.1875 0 0 15.1875 0 10 15.1875 9.875 5 15.1875 9.875 5 15.1875 9.875 0 15.1875 9.875 10 15.1875 9.875 10 15.1875 0 0 15.1875 0 10 0 9.875 5 15.1875 9.875 5 0 9.875 10 15.1875 9.875 10 15.1875 9.875 10 0 9.875 5 15.1875 9.875 5 0 9.875 10 0 9.875 0 0 0 10 0 0 0 0 9.875 5 0 9.875 5 0 9.875 10 0 9.875 0 0 9.875 0 0 0 10 0 0 0 15.1875 9.875 0 0 0 0 0 9.875 0 15.1875 0 0 15.1875 0 0 15.1875 9.875 0 0 0 0 0 9.875 0 15.1875 9.875 0 0 9.875 0 15.1875 9.875 0 0 9.875</float_array>
                    <technique_common>
                        <accessor count="48" source="#ID72" stride="3">
                            <param name="X" type="float" />
                            <param name="Y" type="float" />
                            <param name="Z" type="float" />
                        </accessor>
                    </technique_common>
                </source>
                <source id="ID69">
                    <float_array id="ID73" count="144">1 0 0 1 0 0 1 0 0 1 0 0 -1 -0 -0 -1 -0 -0 -1 -0 -0 -1 -0 -0 0 1 0 0 1 0 0 1 0 0 1 0 0 1 0 -0 -1 -0 -0 -1 -0 -0 -1 -0 -0 -1 -0 -0 -1 -0 0 0 1 0 0 1 0 0 1 0 0 1 -0 -0 -1 -0 -0 -1 -0 -0 -1 -0 -0 -1 0 -1 0 0 -1 0 0 -1 0 0 -1 0 0 -1 0 -0 1 -0 -0 1 -0 -0 1 -0 -0 1 -0 -0 1 -0 -1 0 0 -1 0 0 -1 0 0 -1 0 0 1 -0 -0 1 -0 -0 1 -0 -0 1 -0 -0 0 0 1 0 0 1 -0 -0 -1 -0 -0 -1</float_array>
                    <technique_common>
                        <accessor count="48" source="#ID73" stride="3">
                            <param name="X" type="float" />
                            <param name="Y" type="float" />
                            <param name="Z" type="float" />
                        </accessor>
                    </technique_common>
                </source>
                <source id="ID71">
                    <float_array id="ID74" count="52">2.184369 6.91208e-17 1.79039 0.2561677 1.79039 6.91208e-17 2.184369 0.2561677 1.137 0.2561677 0.8775896 9.043396e-17 1.137 4.224946e-17 0.8775896 0.2561677 1.007295 0.2561677 0.009 0.404 0.4029795 0.5337052 0.009 0.5337052 0.4029795 0.404 1.79039 0.2561677 1.530979 -2.304027e-17 1.79039 -2.304027e-17 1.530979 0.2561677 1.660685 0.2561677 1.137 0.2561677 1.530979 -3.088794e-17 1.530979 0.2561677 1.137 -1.701015e-17 0.9199795 0.1297052 0.526 -4.608054e-17 0.9199795 -4.608054e-17 0.526 0.1297052</float_array>
                    <technique_common>
                        <accessor count="26" source="#ID74" stride="2">
                            <param name="S" type="float" />
                            <param name="T" type="float" />
                        </accessor>
                    </technique_common>
                </source>
                <vertices id="ID70">
                    <input semantic="POSITION" source="#ID68" />
                    <input semantic="NORMAL" source="#ID69" />
                </vertices>
                <triangles count="28" material="Material2">
                    <input offset="0" semantic="VERTEX" source="#ID70" />
                    <input offset="1" semantic="TEXCOORD" source="#ID71" />
                    <p>0 0 1 1 2 2 1 1 0 0 3 3 4 3 5 0 6 1 7 2 6 1 5 0 8 4 9 5 10 6 9 5 8 4 11 7 11 7 8 4 12 8 13 8 14 4 15 7 15 7 14 4 16 5 17 6 16 5 14 4 18 9 19 10 20 11 19 10 18 9 21 12 22 12 23 9 24 10 25 11 24 10 23 9 26 13 27 14 28 15 27 14 26 13 29 16 29 16 26 13 30 17 31 17 32 13 33 16 33 16 32 13 34 14 35 15 34 14 32 13 36 18 37 19 38 20 37 19 36 18 39 21 40 21 41 18 42 19 43 20 42 19 41 18 20 22 44 23 45 24 44 23 20 22 19 25 24 25 25 22 46 23 47 24 46 23 25 22</p>
                </triangles>
            </mesh>
        </geometry>
        <geometry id="ID76">
            <mesh>
                <source id="ID77">
                    <float_array id="ID81" count="144">0 15.1875 9.875 0 0 0 0 0 9.875 0 15.1875 0 0 15.1875 0 0 15.1875 9.875 0 0 0 0 0 9.875 10 0 9.875 0 0 0 10 0 0 0 0 9.875 5 0 9.875 5 0 9.875 10 0 9.875 0 0 9.875 0 0 0 10 0 0 5 0 9.875 0 15.1875 9.875 0 0 9.875 5 15.1875 9.875 5 15.1875 9.875 5 0 9.875 0 15.1875 9.875 0 0 9.875 0 15.1875 9.875 10 15.1875 0 0 15.1875 0 10 15.1875 9.875 5 15.1875 9.875 5 15.1875 9.875 0 15.1875 9.875 10 15.1875 9.875 10 15.1875 0 0 15.1875 0 10 15.1875 0 10 0 9.875 10 0 0 10 15.1875 9.875 10 15.1875 9.875 10 15.1875 0 10 0 9.875 10 0 0 10 0 9.875 10 15.1875 9.875 10 15.1875 9.875 10 0 9.875</float_array>
                    <technique_common>
                        <accessor count="48" source="#ID81" stride="3">
                            <param name="X" type="float" />
                            <param name="Y" type="float" />
                            <param name="Z" type="float" />
                        </accessor>
                    </technique_common>
                </source>
                <source id="ID78">
                    <float_array id="ID82" count="144">-1 0 0 -1 0 0 -1 0 0 -1 0 0 1 -0 -0 1 -0 -0 1 -0 -0 1 -0 -0 0 -1 0 0 -1 0 0 -1 0 0 -1 0 0 -1 0 -0 1 -0 -0 1 -0 -0 1 -0 -0 1 -0 -0 1 -0 0 0 1 0 0 1 0 0 1 0 0 1 -0 -0 -1 -0 -0 -1 -0 -0 -1 -0 -0 -1 0 1 0 0 1 0 0 1 0 0 1 0 0 1 0 -0 -1 -0 -0 -1 -0 -0 -1 -0 -0 -1 -0 -0 -1 -0 1 0 0 1 0 0 1 0 0 1 0 0 -1 -0 -0 -1 -0 -0 -1 -0 -0 -1 -0 -0 0 0 1 0 0 1 -0 -0 -1 -0 -0 -1</float_array>
                    <technique_common>
                        <accessor count="48" source="#ID82" stride="3">
                            <param name="X" type="float" />
                            <param name="Y" type="float" />
                            <param name="Z" type="float" />
                        </accessor>
                    </technique_common>
                </source>
                <source id="ID80">
                    <float_array id="ID83" count="52">2.622 0.2561677 3.015979 8.96453e-18 3.015979 0.2561677 2.622 2.284232e-17 3.27539 0.2561677 3.015979 -2.304027e-17 3.27539 -2.304027e-17 3.015979 0.2561677 3.145685 0.2561677 0.8119795 0.1297052 0.418 4.608054e-17 0.8119795 4.608054e-17 0.418 0.1297052 2.622 0.2561677 2.36259 3.025494e-16 2.622 3.408287e-16 2.36259 0.2561677 2.492295 0.2561677 3.669369 0 3.27539 0.2561677 3.27539 0 3.669369 0.2561677 0.202 0 0.5959795 0.1297052 0.202 0.1297052 0.5959795 0</float_array>
                    <technique_common>
                        <accessor count="26" source="#ID83" stride="2">
                            <param name="S" type="float" />
                            <param name="T" type="float" />
                        </accessor>
                    </technique_common>
                </source>
                <vertices id="ID79">
                    <input semantic="POSITION" source="#ID77" />
                    <input semantic="NORMAL" source="#ID78" />
                </vertices>
                <triangles count="28" material="Material2">
                    <input offset="0" semantic="VERTEX" source="#ID79" />
                    <input offset="1" semantic="TEXCOORD" source="#ID80" />
                    <p>0 0 1 1 2 2 1 1 0 0 3 3 4 3 5 0 6 1 7 2 6 1 5 0 8 4 9 5 10 6 9 5 8 4 11 7 11 7 8 4 12 8 13 8 14 4 15 7 15 7 14 4 16 5 17 6 16 5 14 4 18 9 19 10 20 11 19 10 18 9 21 12 22 12 23 9 24 10 25 11 24 10 23 9 26 13 27 14 28 15 27 14 26 13 29 16 29 16 26 13 30 17 31 17 32 13 33 16 33 16 32 13 34 14 35 15 34 14 32 13 36 18 37 19 38 20 37 19 36 18 39 21 40 21 41 18 42 19 43 20 42 19 41 18 44 22 21 23 18 24 21 23 44 22 45 25 46 25 47 22 22 23 23 24 22 23 47 22</p>
                </triangles>
            </mesh>
        </geometry>
        <geometry id="ID86">
            <mesh>
                <source id="ID92">
                    <float_array id="ID96" count="120">-18.06405 -11.49378 34.86976 -18.06405 -11.89378 27.93228 -18.06405 -11.89378 34.86976 -18.06405 -11.49378 27.93228 -18.06405 -11.49378 27.93228 -18.06405 -11.49378 34.86976 -18.06405 -11.89378 27.93228 -18.06405 -11.89378 34.86976 18.14595 -11.49378 27.93228 -18.06405 -11.89378 27.93228 -18.06405 -11.49378 27.93228 18.14595 -11.89378 27.93228 18.14595 -11.89378 27.93228 18.14595 -11.49378 27.93228 -18.06405 -11.89378 27.93228 -18.06405 -11.49378 27.93228 18.14595 -11.89378 34.86976 -18.06405 -11.89378 27.93228 18.14595 -11.89378 27.93228 -18.06405 -11.89378 34.86976 -18.06405 -11.89378 34.86976 18.14595 -11.89378 34.86976 -18.06405 -11.89378 27.93228 18.14595 -11.89378 27.93228 18.14595 -11.89378 34.86976 -18.06405 -11.49378 34.86976 -18.06405 -11.89378 34.86976 18.14595 -11.49378 34.86976 18.14595 -11.49378 34.86976 18.14595 -11.89378 34.86976 -18.06405 -11.49378 34.86976 -18.06405 -11.89378 34.86976 18.14595 -11.49378 27.93228 18.14595 -11.89378 34.86976 18.14595 -11.89378 27.93228 18.14595 -11.49378 34.86976 18.14595 -11.49378 34.86976 18.14595 -11.49378 27.93228 18.14595 -11.89378 34.86976 18.14595 -11.89378 27.93228</float_array>
                    <technique_common>
                        <accessor count="40" source="#ID96" stride="3">
                            <param name="X" type="float" />
                            <param name="Y" type="float" />
                            <param name="Z" type="float" />
                        </accessor>
                    </technique_common>
                </source>
                <source id="ID93">
                    <float_array id="ID97" count="120">-1 0 0 -1 0 0 -1 0 0 -1 0 0 1 -0 -0 1 -0 -0 1 -0 -0 1 -0 -0 0 0 -1 0 0 -1 0 0 -1 0 0 -1 -0 -0 1 -0 -0 1 -0 -0 1 -0 -0 1 0 -1 0 0 -1 0 0 -1 0 0 -1 0 -0 1 -0 -0 1 -0 -0 1 -0 -0 1 -0 0 0 1 0 0 1 0 0 1 0 0 1 -0 -0 -1 -0 -0 -1 -0 -0 -1 -0 -0 -1 1 0 0 1 0 0 1 0 0 1 0 0 -1 -0 -0 -1 -0 -0 -1 -0 -0 -1 -0 -0</float_array>
                    <technique_common>
                        <accessor count="40" source="#ID97" stride="3">
                            <param name="X" type="float" />
                            <param name="Y" type="float" />
                            <param name="Z" type="float" />
                        </accessor>
                    </technique_common>
                </source>
                <source id="ID95">
                    <float_array id="ID98" count="40">0.078041 0.78727 0.081401 0.728992 0.081401 0.78727 0.078041 0.728992 0.976614 0.975165 0.973254 0.670993 0.976614 0.670993 0.973254 0.975165 0.940796 0.669133 0.999073 0.364961 0.999073 0.669133 0.940796 0.364961 0.962814 0.670994 0.966174 0.975166 0.962814 0.975166 0.966174 0.670994 0.09706 0.728992 0.0937 0.78727 0.0937 0.728992 0.09706 0.78727</float_array>
                    <technique_common>
                        <accessor count="20" source="#ID98" stride="2">
                            <param name="S" type="float" />
                            <param name="T" type="float" />
                        </accessor>
                    </technique_common>
                </source>
                <vertices id="ID94">
                    <input semantic="POSITION" source="#ID92" />
                    <input semantic="NORMAL" source="#ID93" />
                </vertices>
                <triangles count="20" material="Material2">
                    <input offset="0" semantic="VERTEX" source="#ID94" />
                    <input offset="1" semantic="TEXCOORD" source="#ID95" />
                    <p>0 0 1 1 2 2 1 1 0 0 3 3 4 3 5 0 6 1 7 2 6 1 5 0 8 4 9 5 10 6 9 5 8 4 11 7 12 7 13 4 14 5 15 6 14 5 13 4 16 8 17 9 18 10 17 9 16 8 19 11 20 11 21 8 22 9 23 10 22 9 21 8 24 12 25 13 26 14 25 13 24 12 27 15 28 15 29 12 30 13 31 14 30 13 29 12 32 16 33 17 34 18 33 17 32 16 35 19 36 19 37 16 38 17 39 18 38 17 37 16</p>
                </triangles>
            </mesh>
        </geometry>
        <geometry id="ID99">
            <mesh>
                <source id="ID100">
                    <float_array id="ID104" count="360">-18.06405 15.25622 0.5 -18.06405 -11.49378 27.18228 -18.06405 -11.49378 0.5 -18.06405 15.25622 27.18228 -18.06405 15.25622 27.18228 -18.06405 15.25622 0.5 -18.06405 -11.49378 27.18228 -18.06405 -11.49378 0.5 18.14595 15.25622 27.18228 -18.06405 -11.49378 27.18228 -18.06405 15.25622 27.18228 18.14595 -11.49378 27.18228 18.14595 -11.49378 27.18228 18.14595 15.25622 27.18228 -18.06405 -11.49378 27.18228 -18.06405 15.25622 27.18228 18.14595 -11.49378 0.5 -18.06405 15.25622 0.5 -18.06405 -11.49378 0.5 18.14595 15.25622 0.5 18.14595 15.25622 0.5 18.14595 -11.49378 0.5 -18.06405 15.25622 0.5 -18.06405 -11.49378 0.5 -18.37469 15.25622 43.11453 -18.06405 15.25622 0 -18.37469 15.25622 0 -18.06405 15.25622 0.5 -18.06405 15.25622 27.18228 -18.06405 15.25622 42.61976 -18.06405 15.25622 43.11453 -18.06405 15.25622 43.11453 -18.37469 15.25622 43.11453 -18.06405 15.25622 42.61976 -18.06405 15.25622 27.18228 -18.06405 15.25622 0.5 -18.06405 15.25622 0 -18.37469 15.25622 0 18.14595 15.25622 27.18228 18.14595 15.25622 42.61976 18.14595 15.25622 42.61976 18.14595 15.25622 27.18228 18.14595 15.25622 27.18228 18.14595 -11.49378 0.5 18.14595 -11.49378 27.18228 18.14595 15.25622 0.5 18.14595 15.25622 0.5 18.14595 15.25622 27.18228 18.14595 -11.49378 0.5 18.14595 -11.49378 27.18228 18.14595 15.25622 0 18.14595 15.25622 0.5 18.14595 15.25622 0.5 18.14595 15.25622 0 -18.06405 15.25622 0 -18.37469 -11.49378 0 -18.37469 15.25622 0 18.45657 -11.49378 0 18.14595 15.25622 0 18.45657 15.25622 0 18.45657 15.25622 0 18.14595 15.25622 0 18.45657 -11.49378 0 -18.06405 15.25622 0 -18.37469 -11.49378 0 -18.37469 15.25622 0 -18.37469 15.25622 43.11453 -18.37469 -11.49378 0 -18.37469 -11.49378 43.11453 -18.37469 15.25622 0 -18.37469 15.25622 0 -18.37469 15.25622 43.11453 -18.37469 -11.49378 0 -18.37469 -11.49378 43.11453 18.14595 15.25622 43.11453 18.14595 15.25622 43.11453 18.45657 15.25622 0 18.45657 15.25622 43.11453 18.45657 15.25622 43.11453 18.45657 15.25622 0 18.45657 15.25622 0 18.45657 -11.49378 43.11453 18.45657 -11.49378 0 18.45657 15.25622 43.11453 18.45657 15.25622 43.11453 18.45657 15.25622 0 18.45657 -11.49378 43.11453 18.45657 -11.49378 0 18.45657 -11.49378 0 18.14595 -11.49378 0.5 -18.37469 -11.49378 0 18.45657 -11.49378 43.11453 18.14595 -11.49378 27.18228 18.14595 -11.49378 27.93228 -18.06405 -11.49378 27.18228 18.14595 -11.49378 34.86976 18.14595 -11.49378 35.68228 -18.06405 -11.49378 34.86976 18.14595 -11.49378 42.61976 -18.06405 -11.49378 42.61976 -18.06405 -11.49378 0.5 -18.37469 -11.49378 43.11453 -18.06405 -11.49378 27.93228 -18.06405 -11.49378 35.68228 18.45657 -11.49378 43.11453 -18.06405 -11.49378 42.61976 -18.37469 -11.49378 43.11453 -18.06405 -11.49378 35.68228 18.14595 -11.49378 35.68228 -18.06405 -11.49378 34.86976 -18.06405 -11.49378 27.93228 18.14595 -11.49378 27.93228 -18.06405 -11.49378 27.18228 -18.06405 -11.49378 0.5 18.14595 -11.49378 0.5 -18.37469 -11.49378 0 18.14595 -11.49378 42.61976 18.14595 -11.49378 34.86976 18.14595 -11.49378 27.18228 18.45657 -11.49378 0</float_array>
                    <technique_common>
                        <accessor count="120" source="#ID104" stride="3">
                            <param name="X" type="float" />
                            <param name="Y" type="float" />
                            <param name="Z" type="float" />
                        </accessor>
                    </technique_common>
                </source>
                <source id="ID101">
                    <float_array id="ID105" count="360">1 0 0 1 0 0 1 0 0 1 0 0 -1 -0 -0 -1 -0 -0 -1 -0 -0 -1 -0 -0 0 0 -1 0 0 -1 0 0 -1 0 0 -1 -0 -0 1 -0 -0 1 -0 -0 1 -0 -0 1 0 0 1 0 0 1 0 0 1 0 0 1 -0 -0 -1 -0 -0 -1 -0 -0 -1 -0 -0 -1 0 1 0 0 1 0 0 1 0 0 1 0 0 1 0 0 1 0 0 1 0 -0 -1 -0 -0 -1 -0 -0 -1 -0 -0 -1 -0 -0 -1 -0 -0 -1 -0 -0 -1 -0 0 1 0 0 1 0 -0 -1 -0 -0 -1 -0 -1 0 0 -1 0 0 -1 0 0 -1 0 0 1 -0 -0 1 -0 -0 1 -0 -0 1 -0 -0 0 1 0 0 1 0 -0 -1 -0 -0 -1 -0 0 0 -1 0 0 -1 0 0 -1 0 0 -1 0 0 -1 0 0 -1 -0 -0 1 -0 -0 1 -0 -0 1 -0 -0 1 -0 -0 1 -0 -0 1 -1 0 0 -1 0 0 -1 0 0 -1 0 0 1 -0 -0 1 -0 -0 1 -0 -0 1 -0 -0 0 1 0 -0 -1 -0 0 1 0 0 1 0 -0 -1 -0 -0 -1 -0 1 0 0 1 0 0 1 0 0 1 0 0 -1 -0 -0 -1 -0 -0 -1 -0 -0 -1 -0 -0 0 -1 0 0 -1 0 0 -1 0 0 -1 0 0 -1 0 0 -1 0 0 -1 0 0 -1 0 0 -1 0 0 -1 0 0 -1 0 0 -1 0 0 -1 0 0 -1 0 0 -1 0 0 -1 0 -0 1 -0 -0 1 -0 -0 1 -0 -0 1 -0 -0 1 -0 -0 1 -0 -0 1 -0 -0 1 -0 -0 1 -0 -0 1 -0 -0 1 -0 -0 1 -0 -0 1 -0 -0 1 -0 -0 1 -0 -0 1 -0</float_array>
                    <technique_common>
                        <accessor count="120" source="#ID105" stride="3">
                            <param name="X" type="float" />
                            <param name="Y" type="float" />
                            <param name="Z" type="float" />
                        </accessor>
                    </technique_common>
                </source>
                <source id="ID103">
                    <float_array id="ID106" count="144">0.227496 0.690376 0.451633 0.915083 0.227496 0.915081 0.451633 0.690378 0.9389346 0.6691334 0.7142284 0.3649612 0.9389346 0.3649612 0.7142284 0.6691334 0.7142284 0.6709943 0.9389345 0.9751665 0.7142284 0.9751665 0.9389345 0.6709943 0.980909 0.3631013 0.9783 0.0009298908 0.980909 0.0009298908 0.9783 0.00513 0.9783 0.229267 0.9783 0.3589452 0.9783 0.3631013 0.7653116 0.305103 0.8949912 0.000931 0.8949912 0.305103 0.7653116 0.000931 0.6776285 0.9150824 0.4534917 0.6903765 0.6776285 0.6903765 0.4534917 0.9150824 0.967771 0.305103 0.971971 0.000931 0.971971 0.305103 0.967771 0.000931 0.7634522 0.003539001 0.5387462 0.0009296368 0.7634522 0.0009296368 0.5387462 0.3103205 0.7634522 0.3077111 0.7634522 0.3103205 0.000931 0.7271329 0.225636 0.3649609 0.225636 0.7271339 0.000931 0.3649599 0.95158 0.975166 0.955734 0.670994 0.955734 0.975166 0.95158 0.670994 0.97644 0.00513 0.973831 0.0009298908 0.97644 0.0009298908 0.973831 0.3631013 0.97644 0.229267 0.97644 0.3589452 0.97644 0.3631013 0.536886 0.0009298908 0.31218 0.3631013 0.31218 0.0009298908 0.536886 0.3631013 0.3103204 0.0009358222 0.307711 0.005135822 0.0009296365 0.0009358222 0.3103204 0.3630979 0.307711 0.229267 0.307711 0.235567 0.003539 0.229267 0.307711 0.2938418 0.307711 0.300667 0.003539 0.2938418 0.307711 0.3589418 0.003539 0.3589418 0.003539 0.005135822 0.0009296365 0.3630979 0.003539 0.235567 0.003539 0.300667</float_array>
                    <technique_common>
                        <accessor count="72" source="#ID106" stride="2">
                            <param name="S" type="float" />
                            <param name="T" type="float" />
                        </accessor>
                    </technique_common>
                </source>
                <vertices id="ID102">
                    <input semantic="POSITION" source="#ID100" />
                    <input semantic="NORMAL" source="#ID101" />
                </vertices>
                <triangles count="104" material="Material2">
                    <input offset="0" semantic="VERTEX" source="#ID102" />
                    <input offset="1" semantic="TEXCOORD" source="#ID103" />
                    <p>0 0 1 1 2 2 1 1 0 0 3 3 4 3 5 0 6 1 7 2 6 1 5 0 8 4 9 5 10 6 9 5 8 4 11 7 12 7 13 4 14 5 15 6 14 5 13 4 16 8 17 9 18 10 17 9 16 8 19 11 20 11 21 8 22 9 23 10 22 9 21 8 24 12 25 13 26 14 25 13 24 12 27 15 27 15 24 12 28 16 28 16 24 12 29 17 29 17 24 12 30 18 31 18 32 12 33 17 33 17 32 12 34 16 34 16 32 12 35 15 35 15 32 12 36 13 37 14 36 13 32 12 29 19 38 20 28 21 38 20 29 19 39 22 40 22 33 19 41 20 34 21 41 20 33 19 42 23 43 24 44 25 43 24 42 23 45 26 46 26 47 23 48 24 49 25 48 24 47 23 27 27 50 28 25 29 50 28 27 27 51 30 52 30 35 27 53 28 36 29 53 28 35 27 54 31 55 32 56 33 55 32 54 31 57 34 57 34 54 31 58 35 57 34 58 35 59 36 60 36 61 35 62 34 61 35 63 31 62 34 62 34 63 31 64 32 65 33 64 32 63 31 66 37 67 38 68 39 67 38 66 37 69 40 70 40 71 37 72 38 73 39 72 38 71 37 30 41 39 42 29 43 39 42 30 41 74 44 75 44 31 41 40 42 33 43 40 42 31 41 51 45 76 46 50 47 76 46 51 45 77 48 77 48 51 45 38 49 77 48 38 49 39 50 77 48 39 50 74 51 75 51 40 50 78 48 40 50 41 49 78 48 41 49 52 45 78 48 78 48 52 45 79 46 53 47 79 46 52 45 80 52 81 53 82 54 81 53 80 52 83 55 84 55 85 52 86 53 87 54 86 53 85 52 88 56 89 57 90 58 89 57 88 56 91 59 89 57 91 59 92 60 92 60 91 59 93 61 92 60 93 61 94 62 93 61 91 59 95 63 95 63 91 59 96 64 95 63 96 64 97 65 96 64 91 59 98 66 98 66 91 59 99 67 90 58 100 68 101 69 100 68 90 58 89 57 101 69 100 68 94 62 101 69 94 62 102 70 102 70 94 62 93 61 101 69 102 70 97 65 101 69 97 65 103 71 103 71 97 65 96 64 101 69 103 71 99 67 101 69 99 67 91 59 104 59 105 67 106 69 105 67 107 71 106 69 108 64 109 65 107 71 107 71 109 65 106 69 109 65 110 70 106 69 111 61 112 62 110 70 110 70 112 62 106 69 112 62 113 68 106 69 114 57 115 58 113 68 106 69 113 68 115 58 105 67 104 59 116 66 116 66 104 59 108 64 109 65 108 64 117 63 108 64 104 59 117 63 117 63 104 59 111 61 112 62 111 61 118 60 111 61 104 59 118 60 118 60 104 59 114 57 104 59 119 56 114 57 115 58 114 57 119 56</p>
                </triangles>
            </mesh>
        </geometry>
        <geometry id="ID107">
            <mesh>
                <source id="ID108">
                    <float_array id="ID112" count="120">18.14595 -11.49378 35.68228 -18.06405 -11.89378 35.68228 -18.06405 -11.49378 35.68228 18.14595 -11.89378 35.68228 18.14595 -11.89378 35.68228 18.14595 -11.49378 35.68228 -18.06405 -11.89378 35.68228 -18.06405 -11.49378 35.68228 18.14595 -11.89378 42.61976 -18.06405 -11.89378 35.68228 18.14595 -11.89378 35.68228 -18.06405 -11.89378 42.61976 -18.06405 -11.89378 42.61976 18.14595 -11.89378 42.61976 -18.06405 -11.89378 35.68228 18.14595 -11.89378 35.68228 -18.06405 -11.49378 42.61976 -18.06405 -11.89378 35.68228 -18.06405 -11.89378 42.61976 -18.06405 -11.49378 35.68228 -18.06405 -11.49378 35.68228 -18.06405 -11.49378 42.61976 -18.06405 -11.89378 35.68228 -18.06405 -11.89378 42.61976 18.14595 -11.49378 35.68228 18.14595 -11.89378 42.61976 18.14595 -11.89378 35.68228 18.14595 -11.49378 42.61976 18.14595 -11.49378 42.61976 18.14595 -11.49378 35.68228 18.14595 -11.89378 42.61976 18.14595 -11.89378 35.68228 18.14595 -11.89378 42.61976 -18.06405 -11.49378 42.61976 -18.06405 -11.89378 42.61976 18.14595 -11.49378 42.61976 18.14595 -11.49378 42.61976 18.14595 -11.89378 42.61976 -18.06405 -11.49378 42.61976 -18.06405 -11.89378 42.61976</float_array>
                    <technique_common>
                        <accessor count="40" source="#ID112" stride="3">
                            <param name="X" type="float" />
                            <param name="Y" type="float" />
                            <param name="Z" type="float" />
                        </accessor>
                    </technique_common>
                </source>
                <source id="ID109">
                    <float_array id="ID113" count="120">0 0 -1 0 0 -1 0 0 -1 0 0 -1 -0 -0 1 -0 -0 1 -0 -0 1 -0 -0 1 0 -1 0 0 -1 0 0 -1 0 0 -1 0 -0 1 -0 -0 1 -0 -0 1 -0 -0 1 -0 -1 0 0 -1 0 0 -1 0 0 -1 0 0 1 -0 -0 1 -0 -0 1 -0 -0 1 -0 -0 1 0 0 1 0 0 1 0 0 1 0 0 -1 -0 -0 -1 -0 -0 -1 -0 -0 -1 -0 -0 0 0 1 0 0 1 0 0 1 0 0 1 -0 -0 -1 -0 -0 -1 -0 -0 -1 -0 -0 -1</float_array>
                    <technique_common>
                        <accessor count="40" source="#ID113" stride="3">
                            <param name="X" type="float" />
                            <param name="Y" type="float" />
                            <param name="Z" type="float" />
                        </accessor>
                    </technique_common>
                </source>
                <source id="ID111">
                    <float_array id="ID114" count="40">0.971394 0.975165 0.968034 0.670993 0.971394 0.670993 0.968034 0.975165 0.896851 0.305102 0.955128 0.00093 0.955128 0.305102 0.896851 0.00093 0.088481 0.78727 0.091841 0.728992 0.091841 0.78727 0.088481 0.728992 0.086621 0.728992 0.083261 0.78727 0.083261 0.728992 0.086621 0.78727 0.957594 0.670994 0.960954 0.975166 0.957594 0.975166 0.960954 0.670994</float_array>
                    <technique_common>
                        <accessor count="20" source="#ID114" stride="2">
                            <param name="S" type="float" />
                            <param name="T" type="float" />
                        </accessor>
                    </technique_common>
                </source>
                <vertices id="ID110">
                    <input semantic="POSITION" source="#ID108" />
                    <input semantic="NORMAL" source="#ID109" />
                </vertices>
                <triangles count="20" material="Material2">
                    <input offset="0" semantic="VERTEX" source="#ID110" />
                    <input offset="1" semantic="TEXCOORD" source="#ID111" />
                    <p>0 0 1 1 2 2 1 1 0 0 3 3 4 3 5 0 6 1 7 2 6 1 5 0 8 4 9 5 10 6 9 5 8 4 11 7 12 7 13 4 14 5 15 6 14 5 13 4 16 8 17 9 18 10 17 9 16 8 19 11 20 11 21 8 22 9 23 10 22 9 21 8 24 12 25 13 26 14 25 13 24 12 27 15 28 15 29 12 30 13 31 14 30 13 29 12 32 16 33 17 34 18 33 17 32 16 35 19 36 19 37 16 38 17 39 18 38 17 37 16</p>
                </triangles>
            </mesh>
        </geometry>
        <geometry id="ID115">
            <mesh>
                <source id="ID116">
                    <float_array id="ID120" count="228">-19.2178 16.25622 44.17705 -19.2178 -12.49378 43.11453 -19.2178 -12.49378 44.17705 -19.2178 16.25622 43.11453 -19.2178 16.25622 43.11453 -19.2178 16.25622 44.17705 -19.2178 -12.49378 43.11453 -19.2178 -12.49378 44.17705 -19.2178 16.25622 44.17705 -18.06405 16.25622 43.11453 -19.2178 16.25622 43.11453 -18.06405 16.25622 44.17705 -18.06405 16.25622 44.17705 -19.2178 16.25622 44.17705 -18.06405 16.25622 43.11453 -19.2178 16.25622 43.11453 -19.2178 16.25622 43.11453 -18.37469 15.25622 43.11453 -19.2178 -12.49378 43.11453 -18.06405 16.25622 43.11453 -18.06405 15.25622 43.11453 18.14595 16.25622 43.11453 18.14595 15.25622 43.11453 19.29968 16.25622 43.11453 18.45657 15.25622 43.11453 18.45657 -11.49378 43.11453 -18.37469 -11.49378 43.11453 19.29968 -12.49378 43.11453 19.29968 16.25622 43.11453 18.45657 -11.49378 43.11453 19.29968 -12.49378 43.11453 -18.37469 -11.49378 43.11453 -18.37469 15.25622 43.11453 -19.2178 -12.49378 43.11453 18.45657 15.25622 43.11453 18.14595 15.25622 43.11453 18.14595 16.25622 43.11453 -18.06405 15.25622 43.11453 -18.06405 16.25622 43.11453 -19.2178 16.25622 43.11453 19.29968 -12.49378 44.17705 -19.2178 -12.49378 43.11453 19.29968 -12.49378 43.11453 -19.2178 -12.49378 44.17705 -19.2178 -12.49378 44.17705 19.29968 -12.49378 44.17705 -19.2178 -12.49378 43.11453 19.29968 -12.49378 43.11453 19.29968 -12.49378 44.17705 -19.2178 16.25622 44.17705 -19.2178 -12.49378 44.17705 -18.06405 16.25622 44.17705 18.14595 16.25622 44.17705 19.29968 16.25622 44.17705 19.29968 16.25622 44.17705 19.29968 -12.49378 44.17705 18.14595 16.25622 44.17705 -18.06405 16.25622 44.17705 -19.2178 16.25622 44.17705 -19.2178 -12.49378 44.17705 18.14595 16.25622 43.11453 18.14595 16.25622 44.17705 18.14595 16.25622 44.17705 18.14595 16.25622 43.11453 19.29968 16.25622 43.11453 19.29968 16.25622 44.17705 19.29968 16.25622 44.17705 19.29968 16.25622 43.11453 19.29968 16.25622 43.11453 19.29968 -12.49378 44.17705 19.29968 -12.49378 43.11453 19.29968 16.25622 44.17705 19.29968 16.25622 44.17705 19.29968 16.25622 43.11453 19.29968 -12.49378 44.17705 19.29968 -12.49378 43.11453</float_array>
                    <technique_common>
                        <accessor count="76" source="#ID120" stride="3">
                            <param name="X" type="float" />
                            <param name="Y" type="float" />
                            <param name="Z" type="float" />
                        </accessor>
                    </technique_common>
                </source>
                <source id="ID117">
                    <float_array id="ID121" count="228">-1 0 0 -1 0 0 -1 0 0 -1 0 0 1 -0 -0 1 -0 -0 1 -0 -0 1 -0 -0 0 1 0 0 1 0 0 1 0 0 1 0 -0 -1 -0 -0 -1 -0 -0 -1 -0 -0 -1 -0 0 0 -1 0 0 -1 0 0 -1 0 0 -1 0 0 -1 0 0 -1 0 0 -1 0 0 -1 0 0 -1 0 0 -1 0 0 -1 0 0 -1 -0 -0 1 -0 -0 1 -0 -0 1 -0 -0 1 -0 -0 1 -0 -0 1 -0 -0 1 -0 -0 1 -0 -0 1 -0 -0 1 -0 -0 1 -0 -0 1 0 -1 0 0 -1 0 0 -1 0 0 -1 0 -0 1 -0 -0 1 -0 -0 1 -0 -0 1 -0 0 0 1 0 0 1 0 0 1 0 0 1 0 0 1 0 0 1 -0 -0 -1 -0 -0 -1 -0 -0 -1 -0 -0 -1 -0 -0 -1 -0 -0 -1 0 1 0 0 1 0 -0 -1 -0 -0 -1 -0 0 1 0 0 1 0 -0 -1 -0 -0 -1 -0 1 0 0 1 0 0 1 0 0 1 0 0 -1 -0 -0 -1 -0 -0 -1 -0 -0 -1 -0 -0</float_array>
                    <technique_common>
                        <accessor count="76" source="#ID121" stride="3">
                            <param name="X" type="float" />
                            <param name="Y" type="float" />
                            <param name="Z" type="float" />
                        </accessor>
                    </technique_common>
                </source>
                <source id="ID119">
                    <float_array id="ID122" count="84">0.688412 0.9318832 0.679489 0.6903768 0.688412 0.6903768 0.679489 0.9318832 0.538746 0.351929 0.547668 0.3422364 0.547668 0.351929 0.538746 0.3422364 0.4689962 0.3649613 0.4605962 0.3720436 0.227496 0.3649613 0.4689962 0.374653 0.4605962 0.374653 0.4689962 0.678825 0.4605962 0.678825 0.4689962 0.6885167 0.4605962 0.6814344 0.235896 0.6814344 0.235896 0.3720436 0.227496 0.6885167 0.956985 0.3244857 0.965908 0.0009303245 0.965908 0.3244857 0.956985 0.0009303245 0.4708619 0.3649615 0.7123685 0.6885169 0.4708619 0.6885169 0.7123685 0.6788253 0.7123685 0.3746531 0.7123685 0.3649615 0.940796 0.975166 0.949718 0.670994 0.949718 0.975166 0.940796 0.670994 0.54953 0.3519275 0.558453 0.342239 0.558453 0.3519275 0.54953 0.342239 0.690273 0.6903778 0.699196 0.9318832 0.690273 0.9318832 0.699196 0.6903778</float_array>
                    <technique_common>
                        <accessor count="42" source="#ID122" stride="2">
                            <param name="S" type="float" />
                            <param name="T" type="float" />
                        </accessor>
                    </technique_common>
                </source>
                <vertices id="ID118">
                    <input semantic="POSITION" source="#ID116" />
                    <input semantic="NORMAL" source="#ID117" />
                </vertices>
                <triangles count="56" material="Material2">
                    <input offset="0" semantic="VERTEX" source="#ID118" />
                    <input offset="1" semantic="TEXCOORD" source="#ID119" />
                    <p>0 0 1 1 2 2 1 1 0 0 3 3 4 3 5 0 6 1 7 2 6 1 5 0 8 4 9 5 10 6 9 5 8 4 11 7 12 7 13 4 14 5 15 6 14 5 13 4 16 8 17 9 18 10 17 9 16 8 19 11 17 9 19 11 20 12 20 12 19 11 21 13 20 12 21 13 22 14 22 14 21 13 23 15 22 14 23 15 24 16 24 16 23 15 25 17 18 10 26 18 27 19 26 18 18 10 17 9 27 19 26 18 25 17 27 19 25 17 23 15 28 15 29 17 30 19 29 17 31 18 30 19 32 9 33 10 31 18 30 19 31 18 33 10 29 17 28 15 34 16 34 16 28 15 35 14 28 15 36 13 35 14 35 14 36 13 37 12 36 13 38 11 37 12 37 12 38 11 32 9 38 11 39 8 32 9 33 10 32 9 39 8 40 20 41 21 42 22 41 21 40 20 43 23 44 23 45 20 46 21 47 22 46 21 45 20 48 24 49 25 50 26 49 25 48 24 51 27 51 27 48 24 52 28 52 28 48 24 53 29 54 29 55 24 56 28 56 28 55 24 57 27 57 27 55 24 58 25 59 26 58 25 55 24 11 30 60 31 9 32 60 31 11 30 61 33 62 33 12 30 63 31 14 32 63 31 12 30 61 34 64 35 60 36 64 35 61 34 65 37 66 37 62 34 67 35 63 36 67 35 62 34 68 38 69 39 70 40 69 39 68 38 71 41 72 41 73 38 74 39 75 40 74 39 73 38</p>
                </triangles>
            </mesh>
        </geometry>
        <geometry id="ID123">
            <mesh>
                <source id="ID124">
                    <float_array id="ID128" count="1176">12.46429 -12.98378 33.13945 9.107598 -12.98378 32.11417 12.46429 -12.98378 32.11417 9.107598 -12.98378 33.13945 9.107598 -12.98378 33.13945 12.46429 -12.98378 33.13945 9.107598 -12.98378 32.11417 12.46429 -12.98378 32.11417 15.14594 -11.89378 32.11417 14.80531 -12.02394 32.11417 14.80531 -11.89378 32.11417 14.80531 -12.34177 32.11417 15.14594 -12.34177 32.11417 6.766575 -11.89378 32.11417 6.425945 -12.34177 32.11417 6.425945 -11.89378 32.11417 6.766575 -12.34177 32.11417 6.766575 -12.02394 32.11417 7.24189 -12.165 32.11417 7.187362 -12.40728 32.11417 7.59563 -12.52846 32.11417 7.682047 -12.29563 32.11417 7.984016 -12.70311 32.11417 8.083976 -12.47638 32.11417 8.341536 -12.85764 32.11417 8.42126 -12.62217 32.11417 8.719409 -12.95205 32.11417 8.759803 -12.70673 32.11417 9.107598 -12.98378 32.11417 9.117717 -12.73602 32.11417 12.46429 -12.98378 32.11417 12.45417 -12.73602 32.11417 12.81209 -12.70673 32.11417 12.85248 -12.95205 32.11417 13.15063 -12.62217 32.11417 13.23035 -12.85764 32.11417 13.48791 -12.47638 32.11417 13.58787 -12.70311 32.11417 13.88984 -12.29563 32.11417 13.97626 -12.52846 32.11417 14.33 -12.165 32.11417 14.38453 -12.40728 32.11417 14.80531 -12.34177 32.11417 14.80531 -12.02394 32.11417 14.38453 -12.40728 32.11417 14.33 -12.165 32.11417 13.97626 -12.52846 32.11417 13.88984 -12.29563 32.11417 13.58787 -12.70311 32.11417 13.48791 -12.47638 32.11417 13.23035 -12.85764 32.11417 13.15063 -12.62217 32.11417 12.85248 -12.95205 32.11417 12.81209 -12.70673 32.11417 12.46429 -12.98378 32.11417 12.45417 -12.73602 32.11417 9.117717 -12.73602 32.11417 9.107598 -12.98378 32.11417 8.759803 -12.70673 32.11417 8.719409 -12.95205 32.11417 8.42126 -12.62217 32.11417 8.341536 -12.85764 32.11417 8.083976 -12.47638 32.11417 7.984016 -12.70311 32.11417 7.682047 -12.29563 32.11417 7.59563 -12.52846 32.11417 7.24189 -12.165 32.11417 7.187362 -12.40728 32.11417 6.766575 -12.34177 32.11417 6.766575 -12.02394 32.11417 6.766575 -11.89378 32.11417 6.425945 -12.34177 32.11417 6.425945 -11.89378 32.11417 15.14594 -12.34177 32.11417 15.14594 -11.89378 32.11417 14.80531 -11.89378 32.11417 12.85248 -12.95205 33.13945 12.46429 -12.98378 32.11417 12.85248 -12.95205 32.11417 12.46429 -12.98378 33.13945 12.46429 -12.98378 33.13945 12.85248 -12.95205 33.13945 12.46429 -12.98378 32.11417 12.85248 -12.95205 32.11417 7.187362 -12.40728 33.13945 6.766575 -12.02394 33.13945 6.766575 -12.34177 33.13945 7.24189 -12.165 33.13945 7.59563 -12.52846 33.13945 7.682047 -12.29563 33.13945 7.984016 -12.70311 33.13945 8.083976 -12.47638 33.13945 8.341536 -12.85764 33.13945 8.42126 -12.62217 33.13945 8.719409 -12.95205 33.13945 8.759803 -12.70673 33.13945 9.107598 -12.98378 33.13945 9.117717 -12.73602 33.13945 12.46429 -12.98378 33.13945 12.45417 -12.73602 33.13945 12.81209 -12.70673 33.13945 12.85248 -12.95205 33.13945 13.15063 -12.62217 33.13945 13.23035 -12.85764 33.13945 13.48791 -12.47638 33.13945 13.58787 -12.70311 33.13945 13.88984 -12.29563 33.13945 13.97626 -12.52846 33.13945 14.33 -12.165 33.13945 14.38453 -12.40728 33.13945 14.80531 -12.02394 33.13945 14.80531 -12.34177 33.13945 15.14594 -12.34177 33.13945 14.80531 -11.89378 33.13945 15.14594 -11.89378 33.13945 6.425945 -11.89378 33.13945 6.425945 -12.34177 33.13945 6.766575 -11.89378 33.13945 6.766575 -12.02394 33.13945 6.766575 -12.34177 33.13945 6.766575 -11.89378 33.13945 6.425945 -11.89378 33.13945 6.425945 -12.34177 33.13945 15.14594 -11.89378 33.13945 15.14594 -12.34177 33.13945 14.80531 -11.89378 33.13945 14.80531 -12.02394 33.13945 14.80531 -12.34177 33.13945 14.38453 -12.40728 33.13945 14.33 -12.165 33.13945 13.97626 -12.52846 33.13945 13.88984 -12.29563 33.13945 13.58787 -12.70311 33.13945 13.48791 -12.47638 33.13945 13.23035 -12.85764 33.13945 13.15063 -12.62217 33.13945 12.85248 -12.95205 33.13945 12.81209 -12.70673 33.13945 12.46429 -12.98378 33.13945 12.45417 -12.73602 33.13945 9.117717 -12.73602 33.13945 9.107598 -12.98378 33.13945 8.759803 -12.70673 33.13945 8.719409 -12.95205 33.13945 8.42126 -12.62217 33.13945 8.341536 -12.85764 33.13945 8.083976 -12.47638 33.13945 7.984016 -12.70311 33.13945 7.682047 -12.29563 33.13945 7.59563 -12.52846 33.13945 7.24189 -12.165 33.13945 7.187362 -12.40728 33.13945 9.107598 -12.98378 33.13945 8.719409 -12.95205 32.11417 9.107598 -12.98378 32.11417 8.719409 -12.95205 33.13945 8.719409 -12.95205 33.13945 9.107598 -12.98378 33.13945 8.719409 -12.95205 32.11417 9.107598 -12.98378 32.11417 15.14594 -11.89378 32.11417 15.14594 -12.34177 33.13945 15.14594 -12.34177 32.11417 15.14594 -11.89378 33.13945 15.14594 -11.89378 33.13945 15.14594 -11.89378 32.11417 15.14594 -12.34177 33.13945 15.14594 -12.34177 32.11417 15.14594 -12.34177 33.13945 14.80531 -12.34177 32.11417 15.14594 -12.34177 32.11417 14.80531 -12.34177 33.13945 14.80531 -12.34177 33.13945 15.14594 -12.34177 33.13945 14.80531 -12.34177 32.11417 15.14594 -12.34177 32.11417 14.80531 -12.34177 33.13945 14.38453 -12.40728 32.11417 14.80531 -12.34177 32.11417 14.38453 -12.40728 33.13945 14.38453 -12.40728 33.13945 14.80531 -12.34177 33.13945 14.38453 -12.40728 32.11417 14.80531 -12.34177 32.11417 14.38453 -12.40728 33.13945 13.97626 -12.52846 32.11417 14.38453 -12.40728 32.11417 13.97626 -12.52846 33.13945 13.97626 -12.52846 33.13945 14.38453 -12.40728 33.13945 13.97626 -12.52846 32.11417 14.38453 -12.40728 32.11417 13.97626 -12.52846 33.13945 13.58787 -12.70311 32.11417 13.97626 -12.52846 32.11417 13.58787 -12.70311 33.13945 13.58787 -12.70311 33.13945 13.97626 -12.52846 33.13945 13.58787 -12.70311 32.11417 13.97626 -12.52846 32.11417 13.58787 -12.70311 33.13945 13.23035 -12.85764 32.11417 13.58787 -12.70311 32.11417 13.23035 -12.85764 33.13945 13.23035 -12.85764 33.13945 13.58787 -12.70311 33.13945 13.23035 -12.85764 32.11417 13.58787 -12.70311 32.11417 13.23035 -12.85764 33.13945 12.85248 -12.95205 32.11417 13.23035 -12.85764 32.11417 12.85248 -12.95205 33.13945 12.85248 -12.95205 33.13945 13.23035 -12.85764 33.13945 12.85248 -12.95205 32.11417 13.23035 -12.85764 32.11417 8.719409 -12.95205 33.13945 8.341536 -12.85764 32.11417 8.719409 -12.95205 32.11417 8.341536 -12.85764 33.13945 8.341536 -12.85764 33.13945 8.719409 -12.95205 33.13945 8.341536 -12.85764 32.11417 8.719409 -12.95205 32.11417 8.341536 -12.85764 33.13945 7.984016 -12.70311 32.11417 8.341536 -12.85764 32.11417 7.984016 -12.70311 33.13945 7.984016 -12.70311 33.13945 8.341536 -12.85764 33.13945 7.984016 -12.70311 32.11417 8.341536 -12.85764 32.11417 7.984016 -12.70311 33.13945 7.59563 -12.52846 32.11417 7.984016 -12.70311 32.11417 7.59563 -12.52846 33.13945 7.59563 -12.52846 33.13945 7.984016 -12.70311 33.13945 7.59563 -12.52846 32.11417 7.984016 -12.70311 32.11417 7.59563 -12.52846 33.13945 7.187362 -12.40728 32.11417 7.59563 -12.52846 32.11417 7.187362 -12.40728 33.13945 7.187362 -12.40728 33.13945 7.59563 -12.52846 33.13945 7.187362 -12.40728 32.11417 7.59563 -12.52846 32.11417 7.187362 -12.40728 33.13945 6.766575 -12.34177 32.11417 7.187362 -12.40728 32.11417 6.766575 -12.34177 33.13945 6.766575 -12.34177 33.13945 7.187362 -12.40728 33.13945 6.766575 -12.34177 32.11417 7.187362 -12.40728 32.11417 6.766575 -12.34177 33.13945 6.425945 -12.34177 32.11417 6.766575 -12.34177 32.11417 6.425945 -12.34177 33.13945 6.425945 -12.34177 33.13945 6.766575 -12.34177 33.13945 6.425945 -12.34177 32.11417 6.766575 -12.34177 32.11417 6.425945 -11.89378 33.13945 6.425945 -12.34177 32.11417 6.425945 -12.34177 33.13945 6.425945 -11.89378 32.11417 6.425945 -11.89378 32.11417 6.425945 -11.89378 33.13945 6.425945 -12.34177 32.11417 6.425945 -12.34177 33.13945 6.766575 -11.89378 32.11417 6.766575 -12.02394 33.13945 6.766575 -12.02394 32.11417 6.766575 -11.89378 33.13945 6.766575 -11.89378 33.13945 6.766575 -11.89378 32.11417 6.766575 -12.02394 33.13945 6.766575 -12.02394 32.11417 6.766575 -12.02394 33.13945 7.24189 -12.165 32.11417 6.766575 -12.02394 32.11417 7.24189 -12.165 33.13945 7.24189 -12.165 33.13945 6.766575 -12.02394 33.13945 7.24189 -12.165 32.11417 6.766575 -12.02394 32.11417 7.24189 -12.165 33.13945 7.682047 -12.29563 32.11417 7.24189 -12.165 32.11417 7.682047 -12.29563 33.13945 7.682047 -12.29563 33.13945 7.24189 -12.165 33.13945 7.682047 -12.29563 32.11417 7.24189 -12.165 32.11417 7.682047 -12.29563 33.13945 8.083976 -12.47638 32.11417 7.682047 -12.29563 32.11417 8.083976 -12.47638 33.13945 8.083976 -12.47638 33.13945 7.682047 -12.29563 33.13945 8.083976 -12.47638 32.11417 7.682047 -12.29563 32.11417 8.083976 -12.47638 33.13945 8.42126 -12.62217 32.11417 8.083976 -12.47638 32.11417 8.42126 -12.62217 33.13945 8.42126 -12.62217 33.13945 8.083976 -12.47638 33.13945 8.42126 -12.62217 32.11417 8.083976 -12.47638 32.11417 8.42126 -12.62217 33.13945 8.759803 -12.70673 32.11417 8.42126 -12.62217 32.11417 8.759803 -12.70673 33.13945 8.759803 -12.70673 33.13945 8.42126 -12.62217 33.13945 8.759803 -12.70673 32.11417 8.42126 -12.62217 32.11417 8.759803 -12.70673 33.13945 9.117717 -12.73602 32.11417 8.759803 -12.70673 32.11417 9.117717 -12.73602 33.13945 9.117717 -12.73602 33.13945 8.759803 -12.70673 33.13945 9.117717 -12.73602 32.11417 8.759803 -12.70673 32.11417 9.117717 -12.73602 33.13945 12.45417 -12.73602 32.11417 9.117717 -12.73602 32.11417 12.45417 -12.73602 33.13945 12.45417 -12.73602 33.13945 9.117717 -12.73602 33.13945 12.45417 -12.73602 32.11417 9.117717 -12.73602 32.11417 12.45417 -12.73602 33.13945 12.81209 -12.70673 32.11417 12.45417 -12.73602 32.11417 12.81209 -12.70673 33.13945 12.81209 -12.70673 33.13945 12.45417 -12.73602 33.13945 12.81209 -12.70673 32.11417 12.45417 -12.73602 32.11417 12.81209 -12.70673 33.13945 13.15063 -12.62217 32.11417 12.81209 -12.70673 32.11417 13.15063 -12.62217 33.13945 13.15063 -12.62217 33.13945 12.81209 -12.70673 33.13945 13.15063 -12.62217 32.11417 12.81209 -12.70673 32.11417 13.15063 -12.62217 33.13945 13.48791 -12.47638 32.11417 13.15063 -12.62217 32.11417 13.48791 -12.47638 33.13945 13.48791 -12.47638 33.13945 13.15063 -12.62217 33.13945 13.48791 -12.47638 32.11417 13.15063 -12.62217 32.11417 13.48791 -12.47638 33.13945 13.88984 -12.29563 32.11417 13.48791 -12.47638 32.11417 13.88984 -12.29563 33.13945 13.88984 -12.29563 33.13945 13.48791 -12.47638 33.13945 13.88984 -12.29563 32.11417 13.48791 -12.47638 32.11417 13.88984 -12.29563 33.13945 14.33 -12.165 32.11417 13.88984 -12.29563 32.11417 14.33 -12.165 33.13945 14.33 -12.165 33.13945 13.88984 -12.29563 33.13945 14.33 -12.165 32.11417 13.88984 -12.29563 32.11417 14.33 -12.165 33.13945 14.80531 -12.02394 32.11417 14.33 -12.165 32.11417 14.80531 -12.02394 33.13945 14.80531 -12.02394 33.13945 14.33 -12.165 33.13945 14.80531 -12.02394 32.11417 14.33 -12.165 32.11417 14.80531 -11.89378 33.13945 14.80531 -12.02394 32.11417 14.80531 -12.02394 33.13945 14.80531 -11.89378 32.11417 14.80531 -11.89378 32.11417 14.80531 -11.89378 33.13945 14.80531 -12.02394 32.11417 14.80531 -12.02394 33.13945</float_array>
                    <technique_common>
                        <accessor count="392" source="#ID128" stride="3">
                            <param name="X" type="float" />
                            <param name="Y" type="float" />
                            <param name="Z" type="float" />
                        </accessor>
                    </technique_common>
                </source>
                <source id="ID125">
                    <float_array id="ID129" count="1176">0 -1 0 0 -1 0 0 -1 0 0 -1 0 -0 1 -0 -0 1 -0 -0 1 -0 -0 1 -0 0 0 -1 0 0 -1 0 0 -1 0 0 -1 0 0 -1 0 0 -1 0 0 -1 0 0 -1 0 0 -1 0 0 -1 0 0 -1 0 0 -1 0 0 -1 0 0 -1 0 0 -1 0 0 -1 0 0 -1 0 0 -1 0 0 -1 0 0 -1 0 0 -1 0 0 -1 0 0 -1 0 0 -1 0 0 -1 0 0 -1 0 0 -1 0 0 -1 0 0 -1 0 0 -1 0 0 -1 0 0 -1 0 0 -1 0 0 -1 -0 -0 1 -0 -0 1 -0 -0 1 -0 -0 1 -0 -0 1 -0 -0 1 -0 -0 1 -0 -0 1 -0 -0 1 -0 -0 1 -0 -0 1 -0 -0 1 -0 -0 1 -0 -0 1 -0 -0 1 -0 -0 1 -0 -0 1 -0 -0 1 -0 -0 1 -0 -0 1 -0 -0 1 -0 -0 1 -0 -0 1 -0 -0 1 -0 -0 1 -0 -0 1 -0 -0 1 -0 -0 1 -0 -0 1 -0 -0 1 -0 -0 1 -0 -0 1 -0 -0 1 -0 -0 1 0.08147259 -0.9966756 9.782526e-31 0.08147259 -0.9966756 9.782526e-31 0.08147259 -0.9966756 9.782526e-31 0.08147259 -0.9966756 9.782526e-31 -0.08147259 0.9966756 -9.782526e-31 -0.08147259 0.9966756 -9.782526e-31 -0.08147259 0.9966756 -9.782526e-31 -0.08147259 0.9966756 -9.782526e-31 0 0 1 0 0 1 0 0 1 0 0 1 0 0 1 0 0 1 0 0 1 0 0 1 0 0 1 0 0 1 0 0 1 0 0 1 0 0 1 0 0 1 0 0 1 0 0 1 0 0 1 0 0 1 0 0 1 0 0 1 0 0 1 0 0 1 0 0 1 0 0 1 0 0 1 0 0 1 0 0 1 0 0 1 0 0 1 0 0 1 0 0 1 0 0 1 0 0 1 0 0 1 -0 -0 -1 -0 -0 -1 -0 -0 -1 -0 -0 -1 -0 -0 -1 -0 -0 -1 -0 -0 -1 -0 -0 -1 -0 -0 -1 -0 -0 -1 -0 -0 -1 -0 -0 -1 -0 -0 -1 -0 -0 -1 -0 -0 -1 -0 -0 -1 -0 -0 -1 -0 -0 -1 -0 -0 -1 -0 -0 -1 -0 -0 -1 -0 -0 -1 -0 -0 -1 -0 -0 -1 -0 -0 -1 -0 -0 -1 -0 -0 -1 -0 -0 -1 -0 -0 -1 -0 -0 -1 -0 -0 -1 -0 -0 -1 -0 -0 -1 -0 -0 -1 -0.08147259 -0.9966756 0 -0.08147259 -0.9966756 0 -0.08147259 -0.9966756 0 -0.08147259 -0.9966756 0 0.08147259 0.9966756 -0 0.08147259 0.9966756 -0 0.08147259 0.9966756 -0 0.08147259 0.9966756 -0 1 0 0 1 0 0 1 0 0 1 0 0 -1 -0 -0 -1 -0 -0 -1 -0 -0 -1 -0 -0 0 -1 0 0 -1 0 0 -1 0 0 -1 0 -0 1 -0 -0 1 -0 -0 1 -0 -0 1 -0 0.1538345 -0.9880966 2.372843e-29 0.1538345 -0.9880966 2.372843e-29 0.1538345 -0.9880966 2.372843e-29 0.1538345 -0.9880966 2.372843e-29 -0.1538345 0.9880966 -2.372843e-29 -0.1538345 0.9880966 -2.372843e-29 -0.1538345 0.9880966 -2.372843e-29 -0.1538345 0.9880966 -2.372843e-29 0.2845489 -0.9586615 -3.756612e-18 0.2845489 -0.9586615 -3.756612e-18 0.2845489 -0.9586615 -3.756612e-18 0.2845489 -0.9586615 -3.756612e-18 -0.2845489 0.9586615 3.756612e-18 -0.2845489 0.9586615 3.756612e-18 -0.2845489 0.9586615 3.756612e-18 -0.2845489 0.9586615 3.756612e-18 0.4101133 -0.9120346 6.060234e-19 0.4101133 -0.9120346 6.060234e-19 0.4101133 -0.9120346 6.060234e-19 0.4101133 -0.9120346 6.060234e-19 -0.4101133 0.9120346 -6.060234e-19 -0.4101133 0.9120346 -6.060234e-19 -0.4101133 0.9120346 -6.060234e-19 -0.4101133 0.9120346 -6.060234e-19 0.3967494 -0.9179269 -5.237881e-18 0.3967494 -0.9179269 -5.237881e-18 0.3967494 -0.9179269 -5.237881e-18 0.3967494 -0.9179269 -5.237881e-18 -0.3967494 0.9179269 5.237881e-18 -0.3967494 0.9179269 5.237881e-18 -0.3967494 0.9179269 5.237881e-18 -0.3967494 0.9179269 5.237881e-18 0.2423922 -0.9701783 3.200059e-18 0.2423922 -0.9701783 3.200059e-18 0.2423922 -0.9701783 3.200059e-18 0.2423922 -0.9701783 3.200059e-18 -0.2423922 0.9701783 -3.200059e-18 -0.2423922 0.9701783 -3.200059e-18 -0.2423922 0.9701783 -3.200059e-18 -0.2423922 0.9701783 -3.200059e-18 -0.2423924 -0.9701783 3.200062e-18 -0.2423924 -0.9701783 3.200062e-18 -0.2423924 -0.9701783 3.200062e-18 -0.2423924 -0.9701783 3.200062e-18 0.2423924 0.9701783 -3.200062e-18 0.2423924 0.9701783 -3.200062e-18 0.2423924 0.9701783 -3.200062e-18 0.2423924 0.9701783 -3.200062e-18 -0.3967491 -0.9179271 4.763821e-30 -0.3967491 -0.9179271 4.763821e-30 -0.3967491 -0.9179271 4.763821e-30 -0.3967491 -0.9179271 4.763821e-30 0.3967491 0.9179271 -4.763821e-30 0.3967491 0.9179271 -4.763821e-30 0.3967491 0.9179271 -4.763821e-30 0.3967491 0.9179271 -4.763821e-30 -0.410114 -0.9120343 -6.020333e-18 -0.410114 -0.9120343 -6.020333e-18 -0.410114 -0.9120343 -6.020333e-18 -0.410114 -0.9120343 -6.020333e-18 0.410114 0.9120343 6.020333e-18 0.410114 0.9120343 6.020333e-18 0.410114 0.9120343 6.020333e-18 0.410114 0.9120343 6.020333e-18 -0.2845487 -0.9586616 3.756609e-18 -0.2845487 -0.9586616 3.756609e-18 -0.2845487 -0.9586616 3.756609e-18 -0.2845487 -0.9586616 3.756609e-18 0.2845487 0.9586616 -3.756609e-18 0.2845487 0.9586616 -3.756609e-18 0.2845487 0.9586616 -3.756609e-18 0.2845487 0.9586616 -3.756609e-18 -0.1538346 -0.9880966 -1.847114e-30 -0.1538346 -0.9880966 -1.847114e-30 -0.1538346 -0.9880966 -1.847114e-30 -0.1538346 -0.9880966 -1.847114e-30 0.1538346 0.9880966 1.847114e-30 0.1538346 0.9880966 1.847114e-30 0.1538346 0.9880966 1.847114e-30 0.1538346 0.9880966 1.847114e-30 0 -1 0 0 -1 0 0 -1 0 0 -1 0 -0 1 -0 -0 1 -0 -0 1 -0 -0 1 -0 -1 0 0 -1 0 0 -1 0 0 -1 0 0 1 -0 -0 1 -0 -0 1 -0 -0 1 -0 -0 1 0 0 1 0 0 1 0 0 1 0 0 -1 -0 -0 -1 -0 -0 -1 -0 -0 -1 -0 -0 0.2845123 0.9586724 1.708089e-30 0.2845123 0.9586724 1.708089e-30 0.2845123 0.9586724 1.708089e-30 0.2845123 0.9586724 1.708089e-30 -0.2845123 -0.9586724 -1.708089e-30 -0.2845123 -0.9586724 -1.708089e-30 -0.2845123 -0.9586724 -1.708089e-30 -0.2845123 -0.9586724 -1.708089e-30 0.2845153 0.9586715 6.328185e-18 0.2845153 0.9586715 6.328185e-18 0.2845153 0.9586715 6.328185e-18 0.2845153 0.9586715 6.328185e-18 -0.2845153 -0.9586715 -6.328185e-18 -0.2845153 -0.9586715 -6.328185e-18 -0.2845153 -0.9586715 -6.328185e-18 -0.2845153 -0.9586715 -6.328185e-18 0.4101392 0.912023 -1.341308e-29 0.4101392 0.912023 -1.341308e-29 0.4101392 0.912023 -1.341308e-29 0.4101392 0.912023 -1.341308e-29 -0.4101392 -0.912023 1.341308e-29 -0.4101392 -0.912023 1.341308e-29 -0.4101392 -0.912023 1.341308e-29 -0.4101392 -0.912023 1.341308e-29 0.3967619 0.9179215 0 0.3967619 0.9179215 0 0.3967619 0.9179215 0 0.3967619 0.9179215 0 -0.3967619 -0.9179215 -0 -0.3967619 -0.9179215 -0 -0.3967619 -0.9179215 -0 -0.3967619 -0.9179215 -0 0.2423477 0.9701895 3.202107e-18 0.2423477 0.9701895 3.202107e-18 0.2423477 0.9701895 3.202107e-18 0.2423477 0.9701895 3.202107e-18 -0.2423477 -0.9701895 -3.202107e-18 -0.2423477 -0.9701895 -3.202107e-18 -0.2423477 -0.9701895 -3.202107e-18 -0.2423477 -0.9701895 -3.202107e-18 0.08156757 0.9966678 1.076854e-18 0.08156757 0.9966678 1.076854e-18 0.08156757 0.9966678 1.076854e-18 0.08156757 0.9966678 1.076854e-18 -0.08156757 -0.9966678 -1.076854e-18 -0.08156757 -0.9966678 -1.076854e-18 -0.08156757 -0.9966678 -1.076854e-18 -0.08156757 -0.9966678 -1.076854e-18 0 1 0 0 1 0 0 1 0 0 1 0 -0 -1 -0 -0 -1 -0 -0 -1 -0 -0 -1 -0 -0.08156766 0.9966678 1.076855e-18 -0.08156766 0.9966678 1.076855e-18 -0.08156766 0.9966678 1.076855e-18 -0.08156766 0.9966678 1.076855e-18 0.08156766 -0.9966678 -1.076855e-18 0.08156766 -0.9966678 -1.076855e-18 0.08156766 -0.9966678 -1.076855e-18 0.08156766 -0.9966678 -1.076855e-18 -0.2423474 0.9701895 2.640181e-21 -0.2423474 0.9701895 2.640181e-21 -0.2423474 0.9701895 2.640181e-21 -0.2423474 0.9701895 2.640181e-21 0.2423474 -0.9701895 -2.640181e-21 0.2423474 -0.9701895 -2.640181e-21 0.2423474 -0.9701895 -2.640181e-21 0.2423474 -0.9701895 -2.640181e-21 -0.3967623 0.9179214 -5.238052e-18 -0.3967623 0.9179214 -5.238052e-18 -0.3967623 0.9179214 -5.238052e-18 -0.3967623 0.9179214 -5.238052e-18 0.3967623 -0.9179214 5.238052e-18 0.3967623 -0.9179214 5.238052e-18 0.3967623 -0.9179214 5.238052e-18 0.3967623 -0.9179214 5.238052e-18 -0.4101388 0.9120231 6.026194e-30 -0.4101388 0.9120231 6.026194e-30 -0.4101388 0.9120231 6.026194e-30 -0.4101388 0.9120231 6.026194e-30 0.4101388 -0.9120231 -6.026194e-30 0.4101388 -0.9120231 -6.026194e-30 0.4101388 -0.9120231 -6.026194e-30 0.4101388 -0.9120231 -6.026194e-30 -0.2845158 0.9586713 -2.572009e-18 -0.2845158 0.9586713 -2.572009e-18 -0.2845158 0.9586713 -2.572009e-18 -0.2845158 0.9586713 -2.572009e-18 0.2845158 -0.9586713 2.572009e-18 0.2845158 -0.9586713 2.572009e-18 0.2845158 -0.9586713 2.572009e-18 0.2845158 -0.9586713 2.572009e-18 -0.2845118 0.9586725 3.756122e-18 -0.2845118 0.9586725 3.756122e-18 -0.2845118 0.9586725 3.756122e-18 -0.2845118 0.9586725 3.756122e-18 0.2845118 -0.9586725 -3.756122e-18 0.2845118 -0.9586725 -3.756122e-18 0.2845118 -0.9586725 -3.756122e-18 0.2845118 -0.9586725 -3.756122e-18 -1 0 0 -1 0 0 -1 0 0 -1 0 0 1 -0 -0 1 -0 -0 1 -0 -0 1 -0 -0</float_array>
                    <technique_common>
                        <accessor count="392" source="#ID129" stride="3">
                            <param name="X" type="float" />
                            <param name="Y" type="float" />
                            <param name="Z" type="float" />
                        </accessor>
                    </technique_common>
                </source>
                <source id="ID127">
                    <float_array id="ID130" count="392">0.538746 0.340378 0.547359 0.31218 0.547359 0.340378 0.538746 0.31218 0.07618477 0.8022411 0.07509099 0.7993801 0.07618477 0.7993796 0.07242008 0.7993813 0.07242008 0.8022428 0.07618477 0.7318499 0.07242008 0.7289902 0.07618477 0.7289885 0.07242008 0.7318517 0.07509099 0.7318504 0.07390558 0.7358439 0.07186956 0.7353867 0.07085122 0.7388169 0.07280783 0.7395419 0.06938359 0.7420802 0.07128892 0.742919 0.06808502 0.7450842 0.0700638 0.745753 0.06729166 0.7482589 0.06935316 0.7485972 0.067025 0.75152 0.069107 0.751604 0.067025 0.779718 0.069107 0.779632 0.06935316 0.7826386 0.06729166 0.7829789 0.0700638 0.7854822 0.06808502 0.7861528 0.07128892 0.788315 0.06938359 0.7891556 0.07280783 0.7916907 0.07085122 0.7924176 0.07390558 0.7953878 0.07186956 0.7958468 0.667477 0.350849 0.664215 0.342237 0.667477 0.342237 0.664215 0.350849 0.06085355 0.7958516 0.06407498 0.7993895 0.06140407 0.799387 0.06288957 0.7953955 0.05983521 0.792421 0.06179182 0.7916969 0.05836759 0.7891569 0.06027291 0.788319 0.05706902 0.7861524 0.0590478 0.7854845 0.05627566 0.7829773 0.05833715 0.7826399 0.056009 0.779716 0.058091 0.779633 0.056009 0.751518 0.058091 0.751605 0.05833715 0.7485985 0.05627566 0.7482573 0.0590478 0.7457553 0.05706902 0.7450837 0.06027291 0.7429231 0.05836759 0.7420815 0.06179182 0.7395481 0.05983521 0.7388203 0.06288957 0.7358516 0.06085355 0.7353916 0.06407498 0.7318598 0.06140407 0.7318573 0.06140407 0.7289958 0.06516875 0.7318608 0.06516875 0.7289994 0.06516875 0.802252 0.06140407 0.8022485 0.06516875 0.7993906 0.663925 0.362401 0.660664 0.353788 0.663925 0.353788 0.660664 0.362401 0.5832474 0.353788 0.579484 0.362401 0.579484 0.353788 0.5832474 0.362401 0.702017 0.331225 0.699154 0.322613 0.702017 0.322613 0.699154 0.331225 0.625898 0.320793 0.622362 0.31218 0.625898 0.31218 0.622362 0.320793 0.631189 0.331225 0.627758 0.322613 0.631189 0.322613 0.627758 0.331225 0.653683 0.362401 0.650419 0.353788 0.653683 0.353788 0.650419 0.362401 0.692394 0.350849 0.68939 0.342237 0.692394 0.342237 0.68939 0.350849 0.677633 0.350849 0.674458 0.342237 0.677633 0.342237 0.674458 0.350849 0.67767 0.331225 0.674494 0.322612 0.67767 0.322612 0.674494 0.331225 0.692432 0.331225 0.689428 0.322613 0.692432 0.322613 0.689428 0.331225 0.657236 0.350849 0.653973 0.342237 0.657236 0.342237 0.653973 0.350849 0.632801 0.362401 0.62937 0.353788 0.632801 0.353788 0.62937 0.362401 0.620275 0.350849 0.616739 0.342237 0.620275 0.342237 0.616739 0.350849 0.706842 0.350849 0.703979 0.342237 0.706842 0.342237 0.703979 0.350849 0.5776436 0.350849 0.581407 0.342237 0.581407 0.350849 0.5776436 0.342237 0.73153 0.342237 0.730437 0.350849 0.730437 0.342237 0.73153 0.350849 0.54274 0.362401 0.538746 0.353788 0.54274 0.353788 0.538746 0.362401 0.605608 0.362401 0.60191 0.353788 0.605608 0.353788 0.60191 0.362401 0.647003 0.331225 0.643625 0.322613 0.647003 0.322613 0.643625 0.331225 0.716238 0.350849 0.713404 0.342237 0.716238 0.342237 0.713404 0.350849 0.712702 0.362401 0.709856 0.353788 0.712702 0.353788 0.709856 0.362401 0.683981 0.362401 0.680973 0.353788 0.683981 0.353788 0.680973 0.362401 0.591027 0.34021 0.59964 0.31218 0.59964 0.34021 0.591027 0.31218 0.687532 0.350849 0.684525 0.342237 0.687532 0.342237 0.684525 0.350849 0.711546 0.350849 0.7087 0.342237 0.711546 0.342237 0.7087 0.350849 0.717394 0.362401 0.71456 0.353788 0.717394 0.353788 0.71456 0.362401 0.648561 0.362401 0.645184 0.353788 0.648561 0.353788 0.645184 0.362401 0.603767 0.350849 0.600069 0.342237 0.603767 0.342237 0.600069 0.350849 0.560297 0.362401 0.556303 0.353788 0.560297 0.353788 0.556303 0.362401 0.731603 0.362401 0.732696 0.353788 0.732696 0.362401 0.731603 0.353788</float_array>
                    <technique_common>
                        <accessor count="196" source="#ID130" stride="2">
                            <param name="S" type="float" />
                            <param name="T" type="float" />
                        </accessor>
                    </technique_common>
                </source>
                <vertices id="ID126">
                    <input semantic="POSITION" source="#ID124" />
                    <input semantic="NORMAL" source="#ID125" />
                </vertices>
                <triangles count="256" material="Material2">
                    <input offset="0" semantic="VERTEX" source="#ID126" />
                    <input offset="1" semantic="TEXCOORD" source="#ID127" />
                    <p>0 0 1 1 2 2 1 1 0 0 3 3 4 3 5 0 6 1 7 2 6 1 5 0 8 4 9 5 10 6 9 5 8 4 11 7 11 7 8 4 12 8 13 9 14 10 15 11 14 10 13 9 16 12 16 12 13 9 17 13 16 12 17 13 18 14 16 12 18 14 19 15 19 15 18 14 20 16 20 16 18 14 21 17 20 16 21 17 22 18 22 18 21 17 23 19 22 18 23 19 24 20 24 20 23 19 25 21 24 20 25 21 26 22 26 22 25 21 27 23 26 22 27 23 28 24 28 24 27 23 29 25 28 24 29 25 30 26 30 26 29 25 31 27 30 26 31 27 32 28 30 26 32 28 33 29 33 29 32 28 34 30 33 29 34 30 35 31 35 31 34 30 36 32 35 31 36 32 37 33 37 33 36 32 38 34 37 33 38 34 39 35 39 35 38 34 40 36 39 35 40 36 41 37 41 37 40 36 9 5 41 37 9 5 11 7 42 7 43 5 44 37 43 5 45 36 44 37 44 37 45 36 46 35 45 36 47 34 46 35 46 35 47 34 48 33 47 34 49 32 48 33 48 33 49 32 50 31 49 32 51 30 50 31 50 31 51 30 52 29 51 30 53 28 52 29 52 29 53 28 54 26 53 28 55 27 54 26 55 27 56 25 54 26 54 26 56 25 57 24 56 25 58 23 57 24 57 24 58 23 59 22 58 23 60 21 59 22 59 22 60 21 61 20 60 21 62 19 61 20 61 20 62 19 63 18 62 19 64 17 63 18 63 18 64 17 65 16 64 17 66 14 65 16 65 16 66 14 67 15 67 15 66 14 68 12 66 14 69 13 68 12 69 13 70 9 68 12 68 12 70 9 71 10 72 11 71 10 70 9 73 8 74 4 42 7 42 7 74 4 43 5 75 6 43 5 74 4 76 38 77 39 78 40 77 39 76 38 79 41 80 41 81 38 82 39 83 40 82 39 81 38 84 42 85 43 86 44 85 43 84 42 87 45 87 45 84 42 88 46 87 45 88 46 89 47 89 47 88 46 90 48 89 47 90 48 91 49 91 49 90 48 92 50 91 49 92 50 93 51 93 51 92 50 94 52 93 51 94 52 95 53 95 53 94 52 96 54 95 53 96 54 97 55 97 55 96 54 98 56 97 55 98 56 99 57 99 57 98 56 100 58 100 58 98 56 101 59 100 58 101 59 102 60 102 60 101 59 103 61 102 60 103 61 104 62 104 62 103 61 105 63 104 62 105 63 106 64 106 64 105 63 107 65 106 64 107 65 108 66 108 66 107 65 109 67 108 66 109 67 110 68 110 68 109 67 111 69 110 68 111 69 112 70 110 68 112 70 113 71 113 71 112 70 114 72 86 44 115 73 116 74 115 73 86 44 117 75 117 75 86 44 85 43 118 43 119 44 120 75 120 75 119 44 121 73 122 74 121 73 119 44 123 72 124 70 125 71 125 71 124 70 126 68 124 70 127 69 126 68 127 69 128 67 126 68 126 68 128 67 129 66 128 67 130 65 129 66 129 66 130 65 131 64 130 65 132 63 131 64 131 64 132 63 133 62 132 63 134 61 133 62 133 62 134 61 135 60 134 61 136 59 135 60 135 60 136 59 137 58 136 59 138 56 137 58 137 58 138 56 139 57 139 57 138 56 140 55 138 56 141 54 140 55 140 55 141 54 142 53 141 54 143 52 142 53 142 53 143 52 144 51 143 52 145 50 144 51 144 51 145 50 146 49 145 50 147 48 146 49 146 49 147 48 148 47 147 48 149 46 148 47 148 47 149 46 150 45 149 46 151 42 150 45 150 45 151 42 118 43 119 44 118 43 151 42 152 76 153 77 154 78 153 77 152 76 155 79 156 79 157 76 158 77 159 78 158 77 157 76 160 80 161 81 162 82 161 81 160 80 163 83 164 83 165 80 166 81 167 82 166 81 165 80 168 84 169 85 170 86 169 85 168 84 171 87 172 87 173 84 174 85 175 86 174 85 173 84 176 88 177 89 178 90 177 89 176 88 179 91 180 91 181 88 182 89 183 90 182 89 181 88 184 92 185 93 186 94 185 93 184 92 187 95 188 95 189 92 190 93 191 94 190 93 189 92 192 96 193 97 194 98 193 97 192 96 195 99 196 99 197 96 198 97 199 98 198 97 197 96 200 100 201 101 202 102 201 101 200 100 203 103 204 103 205 100 206 101 207 102 206 101 205 100 208 104 209 105 210 106 209 105 208 104 211 107 212 107 213 104 214 105 215 106 214 105 213 104 216 108 217 109 218 110 217 109 216 108 219 111 220 111 221 108 222 109 223 110 222 109 221 108 224 112 225 113 226 114 225 113 224 112 227 115 228 115 229 112 230 113 231 114 230 113 229 112 232 116 233 117 234 118 233 117 232 116 235 119 236 119 237 116 238 117 239 118 238 117 237 116 240 120 241 121 242 122 241 121 240 120 243 123 244 123 245 120 246 121 247 122 246 121 245 120 248 124 249 125 250 126 249 125 248 124 251 127 252 127 253 124 254 125 255 126 254 125 253 124 256 128 257 129 258 130 257 129 256 128 259 131 260 131 261 128 262 129 263 130 262 129 261 128 264 132 265 133 266 134 265 133 264 132 267 135 268 135 269 132 270 133 271 134 270 133 269 132 272 136 273 137 274 138 273 137 272 136 275 139 276 139 277 136 278 137 279 138 278 137 277 136 280 140 281 141 282 142 281 141 280 140 283 143 284 143 285 140 286 141 287 142 286 141 285 140 288 144 289 145 290 146 289 145 288 144 291 147 292 147 293 144 294 145 295 146 294 145 293 144 296 148 297 149 298 150 297 149 296 148 299 151 300 151 301 148 302 149 303 150 302 149 301 148 304 152 305 153 306 154 305 153 304 152 307 155 308 155 309 152 310 153 311 154 310 153 309 152 312 156 313 157 314 158 313 157 312 156 315 159 316 159 317 156 318 157 319 158 318 157 317 156 320 160 321 161 322 162 321 161 320 160 323 163 324 163 325 160 326 161 327 162 326 161 325 160 328 164 329 165 330 166 329 165 328 164 331 167 332 167 333 164 334 165 335 166 334 165 333 164 336 168 337 169 338 170 337 169 336 168 339 171 340 171 341 168 342 169 343 170 342 169 341 168 344 172 345 173 346 174 345 173 344 172 347 175 348 175 349 172 350 173 351 174 350 173 349 172 352 176 353 177 354 178 353 177 352 176 355 179 356 179 357 176 358 177 359 178 358 177 357 176 360 180 361 181 362 182 361 181 360 180 363 183 364 183 365 180 366 181 367 182 366 181 365 180 368 184 369 185 370 186 369 185 368 184 371 187 372 187 373 184 374 185 375 186 374 185 373 184 376 188 377 189 378 190 377 189 376 188 379 191 380 191 381 188 382 189 383 190 382 189 381 188 384 192 385 193 386 194 385 193 384 192 387 195 388 195 389 192 390 193 391 194 390 193 389 192</p>
                </triangles>
            </mesh>
        </geometry>
        <geometry id="ID131">
            <mesh>
                <source id="ID132">
                    <float_array id="ID136" count="1176">-12.7302 -12.70673 33.13945 -12.37228 -12.73602 32.11417 -12.7302 -12.70673 32.11417 -12.37228 -12.73602 33.13945 -12.37228 -12.73602 33.13945 -12.7302 -12.70673 33.13945 -12.37228 -12.73602 32.11417 -12.7302 -12.70673 32.11417 -12.37228 -12.73602 33.13945 -9.035826 -12.73602 32.11417 -12.37228 -12.73602 32.11417 -9.035826 -12.73602 33.13945 -9.035826 -12.73602 33.13945 -12.37228 -12.73602 33.13945 -9.035826 -12.73602 32.11417 -12.37228 -12.73602 32.11417 -6.344055 -11.89378 32.11417 -6.684685 -12.02394 32.11417 -6.684685 -11.89378 32.11417 -6.684685 -12.34177 32.11417 -6.344055 -12.34177 32.11417 -14.72343 -11.89378 32.11417 -15.06406 -12.34177 32.11417 -15.06406 -11.89378 32.11417 -14.72343 -12.34177 32.11417 -14.72343 -12.02394 32.11417 -14.24807 -12.165 32.11417 -14.30264 -12.40728 32.11417 -13.89437 -12.52846 32.11417 -13.80795 -12.29563 32.11417 -13.50598 -12.70311 32.11417 -13.40602 -12.47638 32.11417 -13.14846 -12.85764 32.11417 -13.06874 -12.62217 32.11417 -12.77059 -12.95205 32.11417 -12.7302 -12.70673 32.11417 -12.3824 -12.98378 32.11417 -12.37228 -12.73602 32.11417 -9.025708 -12.98378 32.11417 -9.035826 -12.73602 32.11417 -8.677913 -12.70673 32.11417 -8.63752 -12.95205 32.11417 -8.33933 -12.62217 32.11417 -8.259646 -12.85764 32.11417 -8.002087 -12.47638 32.11417 -7.902126 -12.70311 32.11417 -7.600158 -12.29563 32.11417 -7.513741 -12.52846 32.11417 -7.16 -12.165 32.11417 -7.105472 -12.40728 32.11417 -6.684685 -12.34177 32.11417 -6.684685 -12.02394 32.11417 -7.105472 -12.40728 32.11417 -7.16 -12.165 32.11417 -7.513741 -12.52846 32.11417 -7.600158 -12.29563 32.11417 -7.902126 -12.70311 32.11417 -8.002087 -12.47638 32.11417 -8.259646 -12.85764 32.11417 -8.33933 -12.62217 32.11417 -8.63752 -12.95205 32.11417 -8.677913 -12.70673 32.11417 -9.025708 -12.98378 32.11417 -9.035826 -12.73602 32.11417 -12.37228 -12.73602 32.11417 -12.3824 -12.98378 32.11417 -12.7302 -12.70673 32.11417 -12.77059 -12.95205 32.11417 -13.06874 -12.62217 32.11417 -13.14846 -12.85764 32.11417 -13.40602 -12.47638 32.11417 -13.50598 -12.70311 32.11417 -13.80795 -12.29563 32.11417 -13.89437 -12.52846 32.11417 -14.24807 -12.165 32.11417 -14.30264 -12.40728 32.11417 -14.72343 -12.34177 32.11417 -14.72343 -12.02394 32.11417 -14.72343 -11.89378 32.11417 -15.06406 -12.34177 32.11417 -15.06406 -11.89378 32.11417 -6.344055 -12.34177 32.11417 -6.344055 -11.89378 32.11417 -6.684685 -11.89378 32.11417 -13.06874 -12.62217 33.13945 -12.7302 -12.70673 32.11417 -13.06874 -12.62217 32.11417 -12.7302 -12.70673 33.13945 -12.7302 -12.70673 33.13945 -13.06874 -12.62217 33.13945 -12.7302 -12.70673 32.11417 -13.06874 -12.62217 32.11417 -14.30264 -12.40728 33.13945 -14.72343 -12.02394 33.13945 -14.72343 -12.34177 33.13945 -14.24807 -12.165 33.13945 -13.89437 -12.52846 33.13945 -13.80795 -12.29563 33.13945 -13.50598 -12.70311 33.13945 -13.40602 -12.47638 33.13945 -13.14846 -12.85764 33.13945 -13.06874 -12.62217 33.13945 -12.77059 -12.95205 33.13945 -12.7302 -12.70673 33.13945 -12.3824 -12.98378 33.13945 -12.37228 -12.73602 33.13945 -9.025708 -12.98378 33.13945 -9.035826 -12.73602 33.13945 -8.677913 -12.70673 33.13945 -8.63752 -12.95205 33.13945 -8.33933 -12.62217 33.13945 -8.259646 -12.85764 33.13945 -8.002087 -12.47638 33.13945 -7.902126 -12.70311 33.13945 -7.600158 -12.29563 33.13945 -7.513741 -12.52846 33.13945 -7.16 -12.165 33.13945 -7.105472 -12.40728 33.13945 -6.684685 -12.02394 33.13945 -6.684685 -12.34177 33.13945 -6.344055 -12.34177 33.13945 -6.684685 -11.89378 33.13945 -6.344055 -11.89378 33.13945 -15.06406 -11.89378 33.13945 -15.06406 -12.34177 33.13945 -14.72343 -11.89378 33.13945 -14.72343 -12.02394 33.13945 -14.72343 -12.34177 33.13945 -14.72343 -11.89378 33.13945 -15.06406 -11.89378 33.13945 -15.06406 -12.34177 33.13945 -6.344055 -11.89378 33.13945 -6.344055 -12.34177 33.13945 -6.684685 -11.89378 33.13945 -6.684685 -12.02394 33.13945 -6.684685 -12.34177 33.13945 -7.105472 -12.40728 33.13945 -7.16 -12.165 33.13945 -7.513741 -12.52846 33.13945 -7.600158 -12.29563 33.13945 -7.902126 -12.70311 33.13945 -8.002087 -12.47638 33.13945 -8.259646 -12.85764 33.13945 -8.33933 -12.62217 33.13945 -8.63752 -12.95205 33.13945 -8.677913 -12.70673 33.13945 -9.025708 -12.98378 33.13945 -9.035826 -12.73602 33.13945 -12.37228 -12.73602 33.13945 -12.3824 -12.98378 33.13945 -12.7302 -12.70673 33.13945 -12.77059 -12.95205 33.13945 -13.06874 -12.62217 33.13945 -13.14846 -12.85764 33.13945 -13.40602 -12.47638 33.13945 -13.50598 -12.70311 33.13945 -13.80795 -12.29563 33.13945 -13.89437 -12.52846 33.13945 -14.24807 -12.165 33.13945 -14.30264 -12.40728 33.13945 -9.035826 -12.73602 33.13945 -8.677913 -12.70673 32.11417 -9.035826 -12.73602 32.11417 -8.677913 -12.70673 33.13945 -8.677913 -12.70673 33.13945 -9.035826 -12.73602 33.13945 -8.677913 -12.70673 32.11417 -9.035826 -12.73602 32.11417 -6.344055 -11.89378 32.11417 -6.344055 -12.34177 33.13945 -6.344055 -12.34177 32.11417 -6.344055 -11.89378 33.13945 -6.344055 -11.89378 33.13945 -6.344055 -11.89378 32.11417 -6.344055 -12.34177 33.13945 -6.344055 -12.34177 32.11417 -6.344055 -12.34177 33.13945 -6.684685 -12.34177 32.11417 -6.344055 -12.34177 32.11417 -6.684685 -12.34177 33.13945 -6.684685 -12.34177 33.13945 -6.344055 -12.34177 33.13945 -6.684685 -12.34177 32.11417 -6.344055 -12.34177 32.11417 -6.684685 -12.34177 33.13945 -7.105472 -12.40728 32.11417 -6.684685 -12.34177 32.11417 -7.105472 -12.40728 33.13945 -7.105472 -12.40728 33.13945 -6.684685 -12.34177 33.13945 -7.105472 -12.40728 32.11417 -6.684685 -12.34177 32.11417 -7.105472 -12.40728 33.13945 -7.513741 -12.52846 32.11417 -7.105472 -12.40728 32.11417 -7.513741 -12.52846 33.13945 -7.513741 -12.52846 33.13945 -7.105472 -12.40728 33.13945 -7.513741 -12.52846 32.11417 -7.105472 -12.40728 32.11417 -7.513741 -12.52846 33.13945 -7.902126 -12.70311 32.11417 -7.513741 -12.52846 32.11417 -7.902126 -12.70311 33.13945 -7.902126 -12.70311 33.13945 -7.513741 -12.52846 33.13945 -7.902126 -12.70311 32.11417 -7.513741 -12.52846 32.11417 -7.902126 -12.70311 33.13945 -8.259646 -12.85764 32.11417 -7.902126 -12.70311 32.11417 -8.259646 -12.85764 33.13945 -8.259646 -12.85764 33.13945 -7.902126 -12.70311 33.13945 -8.259646 -12.85764 32.11417 -7.902126 -12.70311 32.11417 -8.259646 -12.85764 33.13945 -8.63752 -12.95205 32.11417 -8.259646 -12.85764 32.11417 -8.63752 -12.95205 33.13945 -8.63752 -12.95205 33.13945 -8.259646 -12.85764 33.13945 -8.63752 -12.95205 32.11417 -8.259646 -12.85764 32.11417 -8.63752 -12.95205 33.13945 -9.025708 -12.98378 32.11417 -8.63752 -12.95205 32.11417 -9.025708 -12.98378 33.13945 -9.025708 -12.98378 33.13945 -8.63752 -12.95205 33.13945 -9.025708 -12.98378 32.11417 -8.63752 -12.95205 32.11417 -9.025708 -12.98378 33.13945 -12.3824 -12.98378 32.11417 -9.025708 -12.98378 32.11417 -12.3824 -12.98378 33.13945 -12.3824 -12.98378 33.13945 -9.025708 -12.98378 33.13945 -12.3824 -12.98378 32.11417 -9.025708 -12.98378 32.11417 -12.3824 -12.98378 33.13945 -12.77059 -12.95205 32.11417 -12.3824 -12.98378 32.11417 -12.77059 -12.95205 33.13945 -12.77059 -12.95205 33.13945 -12.3824 -12.98378 33.13945 -12.77059 -12.95205 32.11417 -12.3824 -12.98378 32.11417 -12.77059 -12.95205 33.13945 -13.14846 -12.85764 32.11417 -12.77059 -12.95205 32.11417 -13.14846 -12.85764 33.13945 -13.14846 -12.85764 33.13945 -12.77059 -12.95205 33.13945 -13.14846 -12.85764 32.11417 -12.77059 -12.95205 32.11417 -13.14846 -12.85764 33.13945 -13.50598 -12.70311 32.11417 -13.14846 -12.85764 32.11417 -13.50598 -12.70311 33.13945 -13.50598 -12.70311 33.13945 -13.14846 -12.85764 33.13945 -13.50598 -12.70311 32.11417 -13.14846 -12.85764 32.11417 -13.50598 -12.70311 33.13945 -13.89437 -12.52846 32.11417 -13.50598 -12.70311 32.11417 -13.89437 -12.52846 33.13945 -13.89437 -12.52846 33.13945 -13.50598 -12.70311 33.13945 -13.89437 -12.52846 32.11417 -13.50598 -12.70311 32.11417 -13.89437 -12.52846 33.13945 -14.30264 -12.40728 32.11417 -13.89437 -12.52846 32.11417 -14.30264 -12.40728 33.13945 -14.30264 -12.40728 33.13945 -13.89437 -12.52846 33.13945 -14.30264 -12.40728 32.11417 -13.89437 -12.52846 32.11417 -14.30264 -12.40728 33.13945 -14.72343 -12.34177 32.11417 -14.30264 -12.40728 32.11417 -14.72343 -12.34177 33.13945 -14.72343 -12.34177 33.13945 -14.30264 -12.40728 33.13945 -14.72343 -12.34177 32.11417 -14.30264 -12.40728 32.11417 -14.72343 -12.34177 33.13945 -15.06406 -12.34177 32.11417 -14.72343 -12.34177 32.11417 -15.06406 -12.34177 33.13945 -15.06406 -12.34177 33.13945 -14.72343 -12.34177 33.13945 -15.06406 -12.34177 32.11417 -14.72343 -12.34177 32.11417 -15.06406 -11.89378 33.13945 -15.06406 -12.34177 32.11417 -15.06406 -12.34177 33.13945 -15.06406 -11.89378 32.11417 -15.06406 -11.89378 32.11417 -15.06406 -11.89378 33.13945 -15.06406 -12.34177 32.11417 -15.06406 -12.34177 33.13945 -14.72343 -11.89378 32.11417 -14.72343 -12.02394 33.13945 -14.72343 -12.02394 32.11417 -14.72343 -11.89378 33.13945 -14.72343 -11.89378 33.13945 -14.72343 -11.89378 32.11417 -14.72343 -12.02394 33.13945 -14.72343 -12.02394 32.11417 -14.72343 -12.02394 33.13945 -14.24807 -12.165 32.11417 -14.72343 -12.02394 32.11417 -14.24807 -12.165 33.13945 -14.24807 -12.165 33.13945 -14.72343 -12.02394 33.13945 -14.24807 -12.165 32.11417 -14.72343 -12.02394 32.11417 -14.24807 -12.165 33.13945 -13.80795 -12.29563 32.11417 -14.24807 -12.165 32.11417 -13.80795 -12.29563 33.13945 -13.80795 -12.29563 33.13945 -14.24807 -12.165 33.13945 -13.80795 -12.29563 32.11417 -14.24807 -12.165 32.11417 -13.80795 -12.29563 33.13945 -13.40602 -12.47638 32.11417 -13.80795 -12.29563 32.11417 -13.40602 -12.47638 33.13945 -13.40602 -12.47638 33.13945 -13.80795 -12.29563 33.13945 -13.40602 -12.47638 32.11417 -13.80795 -12.29563 32.11417 -13.40602 -12.47638 33.13945 -13.06874 -12.62217 32.11417 -13.40602 -12.47638 32.11417 -13.06874 -12.62217 33.13945 -13.06874 -12.62217 33.13945 -13.40602 -12.47638 33.13945 -13.06874 -12.62217 32.11417 -13.40602 -12.47638 32.11417 -8.677913 -12.70673 33.13945 -8.33933 -12.62217 32.11417 -8.677913 -12.70673 32.11417 -8.33933 -12.62217 33.13945 -8.33933 -12.62217 33.13945 -8.677913 -12.70673 33.13945 -8.33933 -12.62217 32.11417 -8.677913 -12.70673 32.11417 -8.33933 -12.62217 33.13945 -8.002087 -12.47638 32.11417 -8.33933 -12.62217 32.11417 -8.002087 -12.47638 33.13945 -8.002087 -12.47638 33.13945 -8.33933 -12.62217 33.13945 -8.002087 -12.47638 32.11417 -8.33933 -12.62217 32.11417 -8.002087 -12.47638 33.13945 -7.600158 -12.29563 32.11417 -8.002087 -12.47638 32.11417 -7.600158 -12.29563 33.13945 -7.600158 -12.29563 33.13945 -8.002087 -12.47638 33.13945 -7.600158 -12.29563 32.11417 -8.002087 -12.47638 32.11417 -7.600158 -12.29563 33.13945 -7.16 -12.165 32.11417 -7.600158 -12.29563 32.11417 -7.16 -12.165 33.13945 -7.16 -12.165 33.13945 -7.600158 -12.29563 33.13945 -7.16 -12.165 32.11417 -7.600158 -12.29563 32.11417 -7.16 -12.165 33.13945 -6.684685 -12.02394 32.11417 -7.16 -12.165 32.11417 -6.684685 -12.02394 33.13945 -6.684685 -12.02394 33.13945 -7.16 -12.165 33.13945 -6.684685 -12.02394 32.11417 -7.16 -12.165 32.11417 -6.684685 -11.89378 33.13945 -6.684685 -12.02394 32.11417 -6.684685 -12.02394 33.13945 -6.684685 -11.89378 32.11417 -6.684685 -11.89378 32.11417 -6.684685 -11.89378 33.13945 -6.684685 -12.02394 32.11417 -6.684685 -12.02394 33.13945</float_array>
                    <technique_common>
                        <accessor count="392" source="#ID136" stride="3">
                            <param name="X" type="float" />
                            <param name="Y" type="float" />
                            <param name="Z" type="float" />
                        </accessor>
                    </technique_common>
                </source>
                <source id="ID133">
                    <float_array id="ID137" count="1176">0.08156766 0.9966678 1.196713e-29 0.08156766 0.9966678 1.196713e-29 0.08156766 0.9966678 1.196713e-29 0.08156766 0.9966678 1.196713e-29 -0.08156766 -0.9966678 -1.196713e-29 -0.08156766 -0.9966678 -1.196713e-29 -0.08156766 -0.9966678 -1.196713e-29 -0.08156766 -0.9966678 -1.196713e-29 0 1 0 0 1 0 0 1 0 0 1 0 -0 -1 -0 -0 -1 -0 -0 -1 -0 -0 -1 -0 0 0 -1 0 0 -1 0 0 -1 0 0 -1 0 0 -1 0 0 -1 0 0 -1 0 0 -1 0 0 -1 0 0 -1 0 0 -1 0 0 -1 0 0 -1 0 0 -1 0 0 -1 0 0 -1 0 0 -1 0 0 -1 0 0 -1 0 0 -1 0 0 -1 0 0 -1 0 0 -1 0 0 -1 0 0 -1 0 0 -1 0 0 -1 0 0 -1 0 0 -1 0 0 -1 0 0 -1 0 0 -1 0 0 -1 0 0 -1 -0 -0 1 -0 -0 1 -0 -0 1 -0 -0 1 -0 -0 1 -0 -0 1 -0 -0 1 -0 -0 1 -0 -0 1 -0 -0 1 -0 -0 1 -0 -0 1 -0 -0 1 -0 -0 1 -0 -0 1 -0 -0 1 -0 -0 1 -0 -0 1 -0 -0 1 -0 -0 1 -0 -0 1 -0 -0 1 -0 -0 1 -0 -0 1 -0 -0 1 -0 -0 1 -0 -0 1 -0 -0 1 -0 -0 1 -0 -0 1 -0 -0 1 -0 -0 1 -0 -0 1 -0 -0 1 0.2423479 0.9701894 6.401582e-18 0.2423479 0.9701894 6.401582e-18 0.2423479 0.9701894 6.401582e-18 0.2423479 0.9701894 6.401582e-18 -0.2423479 -0.9701894 -6.401582e-18 -0.2423479 -0.9701894 -6.401582e-18 -0.2423479 -0.9701894 -6.401582e-18 -0.2423479 -0.9701894 -6.401582e-18 0 0 1 0 0 1 0 0 1 0 0 1 0 0 1 0 0 1 0 0 1 0 0 1 0 0 1 0 0 1 0 0 1 0 0 1 0 0 1 0 0 1 0 0 1 0 0 1 0 0 1 0 0 1 0 0 1 0 0 1 0 0 1 0 0 1 0 0 1 0 0 1 0 0 1 0 0 1 0 0 1 0 0 1 0 0 1 0 0 1 0 0 1 0 0 1 0 0 1 0 0 1 -0 -0 -1 -0 -0 -1 -0 -0 -1 -0 -0 -1 -0 -0 -1 -0 -0 -1 -0 -0 -1 -0 -0 -1 -0 -0 -1 -0 -0 -1 -0 -0 -1 -0 -0 -1 -0 -0 -1 -0 -0 -1 -0 -0 -1 -0 -0 -1 -0 -0 -1 -0 -0 -1 -0 -0 -1 -0 -0 -1 -0 -0 -1 -0 -0 -1 -0 -0 -1 -0 -0 -1 -0 -0 -1 -0 -0 -1 -0 -0 -1 -0 -0 -1 -0 -0 -1 -0 -0 -1 -0 -0 -1 -0 -0 -1 -0 -0 -1 -0 -0 -1 -0.08156766 0.9966678 -1.076855e-18 -0.08156766 0.9966678 -1.076855e-18 -0.08156766 0.9966678 -1.076855e-18 -0.08156766 0.9966678 -1.076855e-18 0.08156766 -0.9966678 1.076855e-18 0.08156766 -0.9966678 1.076855e-18 0.08156766 -0.9966678 1.076855e-18 0.08156766 -0.9966678 1.076855e-18 1 0 0 1 0 0 1 0 0 1 0 0 -1 -0 -0 -1 -0 -0 -1 -0 -0 -1 -0 -0 0 -1 0 0 -1 0 0 -1 0 0 -1 0 -0 1 -0 -0 1 -0 -0 1 -0 -0 1 -0 0.1538345 -0.9880966 2.030921e-18 0.1538345 -0.9880966 2.030921e-18 0.1538345 -0.9880966 2.030921e-18 0.1538345 -0.9880966 2.030921e-18 -0.1538345 0.9880966 -2.030921e-18 -0.1538345 0.9880966 -2.030921e-18 -0.1538345 0.9880966 -2.030921e-18 -0.1538345 0.9880966 -2.030921e-18 0.2845484 -0.9586617 1.151078e-29 0.2845484 -0.9586617 1.151078e-29 0.2845484 -0.9586617 1.151078e-29 0.2845484 -0.9586617 1.151078e-29 -0.2845484 0.9586617 -1.151078e-29 -0.2845484 0.9586617 -1.151078e-29 -0.2845484 0.9586617 -1.151078e-29 -0.2845484 0.9586617 -1.151078e-29 0.410114 -0.9120343 6.020333e-18 0.410114 -0.9120343 6.020333e-18 0.410114 -0.9120343 6.020333e-18 0.410114 -0.9120343 6.020333e-18 -0.410114 0.9120343 -6.020333e-18 -0.410114 0.9120343 -6.020333e-18 -0.410114 0.9120343 -6.020333e-18 -0.410114 0.9120343 -6.020333e-18 0.3967498 -0.9179268 2.381915e-30 0.3967498 -0.9179268 2.381915e-30 0.3967498 -0.9179268 2.381915e-30 0.3967498 -0.9179268 2.381915e-30 -0.3967498 0.9179268 -2.381915e-30 -0.3967498 0.9179268 -2.381915e-30 -0.3967498 0.9179268 -2.381915e-30 -0.3967498 0.9179268 -2.381915e-30 0.242392 -0.9701784 -3.200056e-18 0.242392 -0.9701784 -3.200056e-18 0.242392 -0.9701784 -3.200056e-18 0.242392 -0.9701784 -3.200056e-18 -0.242392 0.9701784 3.200056e-18 -0.242392 0.9701784 3.200056e-18 -0.242392 0.9701784 3.200056e-18 -0.242392 0.9701784 3.200056e-18 0.08147275 -0.9966756 -9.782546e-31 0.08147275 -0.9966756 -9.782546e-31 0.08147275 -0.9966756 -9.782546e-31 0.08147275 -0.9966756 -9.782546e-31 -0.08147275 0.9966756 9.782546e-31 -0.08147275 0.9966756 9.782546e-31 -0.08147275 0.9966756 9.782546e-31 -0.08147275 0.9966756 9.782546e-31 0 -1 0 0 -1 0 0 -1 0 0 -1 0 -0 1 -0 -0 1 -0 -0 1 -0 -0 1 -0 -0.08147259 -0.9966756 0 -0.08147259 -0.9966756 0 -0.08147259 -0.9966756 0 -0.08147259 -0.9966756 0 0.08147259 0.9966756 -0 0.08147259 0.9966756 -0 0.08147259 0.9966756 -0 0.08147259 0.9966756 -0 -0.2423924 -0.9701783 -3.200062e-18 -0.2423924 -0.9701783 -3.200062e-18 -0.2423924 -0.9701783 -3.200062e-18 -0.2423924 -0.9701783 -3.200062e-18 0.2423924 0.9701783 3.200062e-18 0.2423924 0.9701783 3.200062e-18 0.2423924 0.9701783 3.200062e-18 0.2423924 0.9701783 3.200062e-18 -0.3967491 -0.9179271 0 -0.3967491 -0.9179271 0 -0.3967491 -0.9179271 0 -0.3967491 -0.9179271 0 0.3967491 0.9179271 -0 0.3967491 0.9179271 -0 0.3967491 0.9179271 -0 0.3967491 0.9179271 -0 -0.4101144 -0.9120341 -6.060067e-19 -0.4101144 -0.9120341 -6.060067e-19 -0.4101144 -0.9120341 -6.060067e-19 -0.4101144 -0.9120341 -6.060067e-19 0.4101144 0.9120341 6.060067e-19 0.4101144 0.9120341 6.060067e-19 0.4101144 0.9120341 6.060067e-19 0.4101144 0.9120341 6.060067e-19 -0.2845484 -0.9586617 -1.151078e-29 -0.2845484 -0.9586617 -1.151078e-29 -0.2845484 -0.9586617 -1.151078e-29 -0.2845484 -0.9586617 -1.151078e-29 0.2845484 0.9586617 1.151078e-29 0.2845484 0.9586617 1.151078e-29 0.2845484 0.9586617 1.151078e-29 0.2845484 0.9586617 1.151078e-29 -0.1538343 -0.9880967 0 -0.1538343 -0.9880967 0 -0.1538343 -0.9880967 0 -0.1538343 -0.9880967 0 0.1538343 0.9880967 -0 0.1538343 0.9880967 -0 0.1538343 0.9880967 -0 0.1538343 0.9880967 -0 0 -1 0 0 -1 0 0 -1 0 0 -1 0 -0 1 -0 -0 1 -0 -0 1 -0 -0 1 -0 -1 0 0 -1 0 0 -1 0 0 -1 0 0 1 -0 -0 1 -0 -0 1 -0 -0 1 -0 -0 1 0 0 1 0 0 1 0 0 1 0 0 -1 -0 -0 -1 -0 -0 -1 -0 -0 -1 -0 -0 0.28449 0.958679 0 0.28449 0.958679 0 0.28449 0.958679 0 0.28449 0.958679 0 -0.28449 -0.958679 -0 -0.28449 -0.958679 -0 -0.28449 -0.958679 -0 -0.28449 -0.958679 -0 0.2845387 0.9586645 6.328139e-18 0.2845387 0.9586645 6.328139e-18 0.2845387 0.9586645 6.328139e-18 0.2845387 0.9586645 6.328139e-18 -0.2845387 -0.9586645 -6.328139e-18 -0.2845387 -0.9586645 -6.328139e-18 -0.2845387 -0.9586645 -6.328139e-18 -0.2845387 -0.9586645 -6.328139e-18 0.4101388 0.9120231 -1.095079e-29 0.4101388 0.9120231 -1.095079e-29 0.4101388 0.9120231 -1.095079e-29 0.4101388 0.9120231 -1.095079e-29 -0.4101388 -0.9120231 1.095079e-29 -0.4101388 -0.9120231 1.095079e-29 -0.4101388 -0.9120231 1.095079e-29 -0.4101388 -0.9120231 1.095079e-29 0.3967623 0.9179214 5.238052e-18 0.3967623 0.9179214 5.238052e-18 0.3967623 0.9179214 5.238052e-18 0.3967623 0.9179214 5.238052e-18 -0.3967623 -0.9179214 -5.238052e-18 -0.3967623 -0.9179214 -5.238052e-18 -0.3967623 -0.9179214 -5.238052e-18 -0.3967623 -0.9179214 -5.238052e-18 -0.2423209 0.9701962 6.401247e-18 -0.2423209 0.9701962 6.401247e-18 -0.2423209 0.9701962 6.401247e-18 -0.2423209 0.9701962 6.401247e-18 0.2423209 -0.9701962 -6.401247e-18 0.2423209 -0.9701962 -6.401247e-18 0.2423209 -0.9701962 -6.401247e-18 0.2423209 -0.9701962 -6.401247e-18 -0.3968017 0.9179043 0 -0.3968017 0.9179043 0 -0.3968017 0.9179043 0 -0.3968017 0.9179043 0 0.3968017 -0.9179043 -0 0.3968017 -0.9179043 -0 0.3968017 -0.9179043 -0 0.3968017 -0.9179043 -0 -0.4101392 0.912023 1.095079e-29 -0.4101392 0.912023 1.095079e-29 -0.4101392 0.912023 1.095079e-29 -0.4101392 0.912023 1.095079e-29 0.4101392 -0.912023 -1.095079e-29 0.4101392 -0.912023 -1.095079e-29 0.4101392 -0.912023 -1.095079e-29 0.4101392 -0.912023 -1.095079e-29 -0.2845149 0.9586716 -1.008435e-17 -0.2845149 0.9586716 -1.008435e-17 -0.2845149 0.9586716 -1.008435e-17 -0.2845149 0.9586716 -1.008435e-17 0.2845149 -0.9586716 1.008435e-17 0.2845149 -0.9586716 1.008435e-17 0.2845149 -0.9586716 1.008435e-17 0.2845149 -0.9586716 1.008435e-17 -0.2845123 0.9586724 -1.708089e-30 -0.2845123 0.9586724 -1.708089e-30 -0.2845123 0.9586724 -1.708089e-30 -0.2845123 0.9586724 -1.708089e-30 0.2845123 -0.9586724 1.708089e-30 0.2845123 -0.9586724 1.708089e-30 0.2845123 -0.9586724 1.708089e-30 0.2845123 -0.9586724 1.708089e-30 -1 0 0 -1 0 0 -1 0 0 -1 0 0 1 -0 -0 1 -0 -0 1 -0 -0 1 -0 -0</float_array>
                    <technique_common>
                        <accessor count="392" source="#ID137" stride="3">
                            <param name="X" type="float" />
                            <param name="Y" type="float" />
                            <param name="Z" type="float" />
                        </accessor>
                    </technique_common>
                </source>
                <source id="ID135">
                    <float_array id="ID138" count="392">0.687569 0.331225 0.684562 0.322613 0.687569 0.322613 0.684562 0.331225 0.580555 0.340207 0.589168 0.312181 0.589168 0.340207 0.580555 0.312181 0.01194666 0.7289907 0.01303991 0.7318522 0.01194666 0.7318522 0.01570952 0.7318522 0.01570952 0.7289907 0.01194666 0.7993819 0.01570952 0.8022433 0.01194666 0.8022433 0.01570952 0.7993819 0.01303991 0.7993819 0.01422475 0.7953886 0.01625978 0.795847 0.01727763 0.7924174 0.01532196 0.7916914 0.01874455 0.7891547 0.01684014 0.788315 0.02004249 0.7861513 0.01806466 0.7854816 0.02083547 0.782977 0.01877497 0.7826377 0.021102 0.779716 0.019021 0.779631 0.021102 0.751518 0.019021 0.751603 0.01877497 0.7485963 0.02083547 0.748257 0.01806466 0.7457521 0.02004249 0.7450827 0.01684014 0.742919 0.01874455 0.7420793 0.01532196 0.7395426 0.01727763 0.7388167 0.01422475 0.7358451 0.01625978 0.735387 0.711441 0.331225 0.708596 0.322613 0.711441 0.322613 0.708596 0.331225 0.7053728 0.696772 0.702153 0.6932372 0.7048226 0.6932372 0.7033378 0.6972304 0.7063907 0.7002017 0.704435 0.7009277 0.7078575 0.7034643 0.7059532 0.7043041 0.7091555 0.7064677 0.7071777 0.7071374 0.7099484 0.709642 0.707888 0.7099814 0.710215 0.712903 0.708134 0.712988 0.710215 0.741101 0.708134 0.741016 0.707888 0.7440227 0.7099484 0.744362 0.7071777 0.746867 0.7091555 0.7475364 0.7059532 0.7497 0.7078575 0.7505397 0.704435 0.7530764 0.7063907 0.7538024 0.7033378 0.756774 0.7053728 0.757232 0.702153 0.7607669 0.7048226 0.7607669 0.7048226 0.7636283 0.7010598 0.7607669 0.7010598 0.7636283 0.7010598 0.6903757 0.7048226 0.6903757 0.7010598 0.6932372 0.688846 0.362401 0.68584 0.353788 0.688846 0.353788 0.68584 0.362401 0.5757844 0.342237 0.572021 0.350849 0.572021 0.342237 0.5757844 0.350849 0.703293 0.362401 0.700432 0.353788 0.703293 0.353788 0.700432 0.362401 0.62567 0.350849 0.622135 0.342237 0.62567 0.342237 0.622135 0.350849 0.636353 0.350849 0.632924 0.342237 0.636353 0.342237 0.632924 0.350849 0.658805 0.362401 0.655542 0.353788 0.658805 0.353788 0.655542 0.362401 0.693709 0.362401 0.690706 0.353788 0.693709 0.353788 0.690706 0.362401 0.67408 0.362401 0.670906 0.353788 0.67408 0.353788 0.670906 0.362401 0.662357 0.350849 0.659096 0.342237 0.662357 0.342237 0.659096 0.350849 0.549218 0.340378 0.557831 0.31218 0.557831 0.340378 0.549218 0.31218 0.66248 0.331225 0.65922 0.322612 0.66248 0.322612 0.65922 0.331225 0.672635 0.331225 0.669461 0.322613 0.672635 0.322613 0.669461 0.331225 0.697258 0.350849 0.694255 0.342237 0.697258 0.342237 0.694255 0.350849 0.65736 0.331225 0.654097 0.322613 0.65736 0.322613 0.654097 0.331225 0.636477 0.331225 0.633047 0.322613 0.636477 0.322613 0.633047 0.331225 0.622116 0.362401 0.618581 0.353788 0.622116 0.353788 0.618581 0.362401 0.706737 0.331225 0.703875 0.322613 0.706737 0.322613 0.703875 0.331225 0.5738616 0.362401 0.577625 0.353788 0.577625 0.362401 0.5738616 0.353788 0.728577 0.342237 0.727484 0.350849 0.727484 0.342237 0.728577 0.350849 0.548592 0.362401 0.544599 0.353788 0.548592 0.353788 0.544599 0.362401 0.600051 0.362401 0.596353 0.353788 0.600051 0.353788 0.596353 0.362401 0.646878 0.350849 0.643502 0.342237 0.646878 0.342237 0.643502 0.350849 0.720854 0.331225 0.718021 0.322613 0.720854 0.322613 0.718021 0.331225 0.707997 0.362401 0.705153 0.353788 0.707997 0.353788 0.705153 0.362401 0.720931 0.350849 0.718098 0.342237 0.720931 0.342237 0.718098 0.350849 0.643324 0.362401 0.639948 0.353788 0.643324 0.353788 0.639948 0.362401 0.59821 0.350849 0.594513 0.342237 0.59821 0.342237 0.594513 0.350849 0.554444 0.362401 0.550451 0.353788 0.554444 0.353788 0.550451 0.362401 0.728649 0.362401 0.729743 0.353788 0.729743 0.362401 0.728649 0.353788</float_array>
                    <technique_common>
                        <accessor count="196" source="#ID138" stride="2">
                            <param name="S" type="float" />
                            <param name="T" type="float" />
                        </accessor>
                    </technique_common>
                </source>
                <vertices id="ID134">
                    <input semantic="POSITION" source="#ID132" />
                    <input semantic="NORMAL" source="#ID133" />
                </vertices>
                <triangles count="256" material="Material2">
                    <input offset="0" semantic="VERTEX" source="#ID134" />
                    <input offset="1" semantic="TEXCOORD" source="#ID135" />
                    <p>0 0 1 1 2 2 1 1 0 0 3 3 4 3 5 0 6 1 7 2 6 1 5 0 8 4 9 5 10 6 9 5 8 4 11 7 12 7 13 4 14 5 15 6 14 5 13 4 16 8 17 9 18 10 17 9 16 8 19 11 19 11 16 8 20 12 21 13 22 14 23 15 22 14 21 13 24 16 24 16 21 13 25 17 24 16 25 17 26 18 24 16 26 18 27 19 27 19 26 18 28 20 28 20 26 18 29 21 28 20 29 21 30 22 30 22 29 21 31 23 30 22 31 23 32 24 32 24 31 23 33 25 32 24 33 25 34 26 34 26 33 25 35 27 34 26 35 27 36 28 36 28 35 27 37 29 36 28 37 29 38 30 38 30 37 29 39 31 38 30 39 31 40 32 38 30 40 32 41 33 41 33 40 32 42 34 41 33 42 34 43 35 43 35 42 34 44 36 43 35 44 36 45 37 45 37 44 36 46 38 45 37 46 38 47 39 47 39 46 38 48 40 47 39 48 40 49 41 49 41 48 40 17 9 49 41 17 9 19 11 50 11 51 9 52 41 51 9 53 40 52 41 52 41 53 40 54 39 53 40 55 38 54 39 54 39 55 38 56 37 55 38 57 36 56 37 56 37 57 36 58 35 57 36 59 34 58 35 58 35 59 34 60 33 59 34 61 32 60 33 60 33 61 32 62 30 61 32 63 31 62 30 63 31 64 29 62 30 62 30 64 29 65 28 64 29 66 27 65 28 65 28 66 27 67 26 66 27 68 25 67 26 67 26 68 25 69 24 68 25 70 23 69 24 69 24 70 23 71 22 70 23 72 21 71 22 71 22 72 21 73 20 72 21 74 18 73 20 73 20 74 18 75 19 75 19 74 18 76 16 74 18 77 17 76 16 77 17 78 13 76 16 76 16 78 13 79 14 80 15 79 14 78 13 81 12 82 8 50 11 50 11 82 8 51 9 83 10 51 9 82 8 84 42 85 43 86 44 85 43 84 42 87 45 88 45 89 42 90 43 91 44 90 43 89 42 92 46 93 47 94 48 93 47 92 46 95 49 95 49 92 46 96 50 95 49 96 50 97 51 97 51 96 50 98 52 97 51 98 52 99 53 99 53 98 52 100 54 99 53 100 54 101 55 101 55 100 54 102 56 101 55 102 56 103 57 103 57 102 56 104 58 103 57 104 58 105 59 105 59 104 58 106 60 105 59 106 60 107 61 107 61 106 60 108 62 108 62 106 60 109 63 108 62 109 63 110 64 110 64 109 63 111 65 110 64 111 65 112 66 112 66 111 65 113 67 112 66 113 67 114 68 114 68 113 67 115 69 114 68 115 69 116 70 116 70 115 69 117 71 116 70 117 71 118 72 118 72 117 71 119 73 118 72 119 73 120 74 118 72 120 74 121 75 121 75 120 74 122 76 94 48 123 77 124 78 123 77 94 48 125 79 125 79 94 48 93 47 126 47 127 48 128 79 128 79 127 48 129 77 130 78 129 77 127 48 131 76 132 74 133 75 133 75 132 74 134 72 132 74 135 73 134 72 135 73 136 71 134 72 134 72 136 71 137 70 136 71 138 69 137 70 137 70 138 69 139 68 138 69 140 67 139 68 139 68 140 67 141 66 140 67 142 65 141 66 141 66 142 65 143 64 142 65 144 63 143 64 143 64 144 63 145 62 144 63 146 60 145 62 145 62 146 60 147 61 147 61 146 60 148 59 146 60 149 58 148 59 148 59 149 58 150 57 149 58 151 56 150 57 150 57 151 56 152 55 151 56 153 54 152 55 152 55 153 54 154 53 153 54 155 52 154 53 154 53 155 52 156 51 155 52 157 50 156 51 156 51 157 50 158 49 157 50 159 46 158 49 158 49 159 46 126 47 127 48 126 47 159 46 160 80 161 81 162 82 161 81 160 80 163 83 164 83 165 80 166 81 167 82 166 81 165 80 168 84 169 85 170 86 169 85 168 84 171 87 172 87 173 84 174 85 175 86 174 85 173 84 176 88 177 89 178 90 177 89 176 88 179 91 180 91 181 88 182 89 183 90 182 89 181 88 184 92 185 93 186 94 185 93 184 92 187 95 188 95 189 92 190 93 191 94 190 93 189 92 192 96 193 97 194 98 193 97 192 96 195 99 196 99 197 96 198 97 199 98 198 97 197 96 200 100 201 101 202 102 201 101 200 100 203 103 204 103 205 100 206 101 207 102 206 101 205 100 208 104 209 105 210 106 209 105 208 104 211 107 212 107 213 104 214 105 215 106 214 105 213 104 216 108 217 109 218 110 217 109 216 108 219 111 220 111 221 108 222 109 223 110 222 109 221 108 224 112 225 113 226 114 225 113 224 112 227 115 228 115 229 112 230 113 231 114 230 113 229 112 232 116 233 117 234 118 233 117 232 116 235 119 236 119 237 116 238 117 239 118 238 117 237 116 240 120 241 121 242 122 241 121 240 120 243 123 244 123 245 120 246 121 247 122 246 121 245 120 248 124 249 125 250 126 249 125 248 124 251 127 252 127 253 124 254 125 255 126 254 125 253 124 256 128 257 129 258 130 257 129 256 128 259 131 260 131 261 128 262 129 263 130 262 129 261 128 264 132 265 133 266 134 265 133 264 132 267 135 268 135 269 132 270 133 271 134 270 133 269 132 272 136 273 137 274 138 273 137 272 136 275 139 276 139 277 136 278 137 279 138 278 137 277 136 280 140 281 141 282 142 281 141 280 140 283 143 284 143 285 140 286 141 287 142 286 141 285 140 288 144 289 145 290 146 289 145 288 144 291 147 292 147 293 144 294 145 295 146 294 145 293 144 296 148 297 149 298 150 297 149 296 148 299 151 300 151 301 148 302 149 303 150 302 149 301 148 304 152 305 153 306 154 305 153 304 152 307 155 308 155 309 152 310 153 311 154 310 153 309 152 312 156 313 157 314 158 313 157 312 156 315 159 316 159 317 156 318 157 319 158 318 157 317 156 320 160 321 161 322 162 321 161 320 160 323 163 324 163 325 160 326 161 327 162 326 161 325 160 328 164 329 165 330 166 329 165 328 164 331 167 332 167 333 164 334 165 335 166 334 165 333 164 336 168 337 169 338 170 337 169 336 168 339 171 340 171 341 168 342 169 343 170 342 169 341 168 344 172 345 173 346 174 345 173 344 172 347 175 348 175 349 172 350 173 351 174 350 173 349 172 352 176 353 177 354 178 353 177 352 176 355 179 356 179 357 176 358 177 359 178 358 177 357 176 360 180 361 181 362 182 361 181 360 180 363 183 364 183 365 180 366 181 367 182 366 181 365 180 368 184 369 185 370 186 369 185 368 184 371 187 372 187 373 184 374 185 375 186 374 185 373 184 376 188 377 189 378 190 377 189 376 188 379 191 380 191 381 188 382 189 383 190 382 189 381 188 384 192 385 193 386 194 385 193 384 192 387 195 388 195 389 192 390 193 391 194 390 193 389 192</p>
                </triangles>
            </mesh>
        </geometry>
        <geometry id="ID139">
            <mesh>
                <source id="ID140">
                    <float_array id="ID144" count="1176">7.682047 -12.29563 40.88945 8.083976 -12.47638 39.86894 7.682047 -12.29563 39.86894 8.083976 -12.47638 40.88945 8.083976 -12.47638 40.88945 7.682047 -12.29563 40.88945 8.083976 -12.47638 39.86894 7.682047 -12.29563 39.86894 8.083976 -12.47638 40.88945 8.42126 -12.62217 39.86894 8.083976 -12.47638 39.86894 8.42126 -12.62217 40.88945 8.42126 -12.62217 40.88945 8.083976 -12.47638 40.88945 8.42126 -12.62217 39.86894 8.083976 -12.47638 39.86894 15.14594 -11.89378 39.86894 14.80531 -12.02394 39.86894 14.80531 -11.89378 39.86894 14.80531 -12.34177 39.86894 15.14594 -12.34177 39.86894 6.766575 -11.89378 39.86894 6.425945 -12.34177 39.86894 6.425945 -11.89378 39.86894 6.766575 -12.34177 39.86894 6.766575 -12.02394 39.86894 7.24189 -12.165 39.86894 7.187362 -12.40728 39.86894 7.59563 -12.52846 39.86894 7.682047 -12.29563 39.86894 7.984016 -12.70311 39.86894 8.083976 -12.47638 39.86894 8.341536 -12.85764 39.86894 8.42126 -12.62217 39.86894 8.719409 -12.95205 39.86894 8.759803 -12.70673 39.86894 9.107598 -12.98378 39.86894 9.117717 -12.73602 39.86894 12.46429 -12.98378 39.86894 12.45417 -12.73602 39.86894 12.81209 -12.70673 39.86894 12.85248 -12.95205 39.86894 13.15067 -12.62217 39.86894 13.23035 -12.85764 39.86894 13.48791 -12.47638 39.86894 13.58787 -12.70311 39.86894 13.88984 -12.29563 39.86894 13.9763 -12.52846 39.86894 14.33 -12.165 39.86894 14.38453 -12.40728 39.86894 14.80531 -12.34177 39.86894 14.80531 -12.02394 39.86894 14.38453 -12.40728 39.86894 14.33 -12.165 39.86894 13.9763 -12.52846 39.86894 13.88984 -12.29563 39.86894 13.58787 -12.70311 39.86894 13.48791 -12.47638 39.86894 13.23035 -12.85764 39.86894 13.15067 -12.62217 39.86894 12.85248 -12.95205 39.86894 12.81209 -12.70673 39.86894 12.46429 -12.98378 39.86894 12.45417 -12.73602 39.86894 9.117717 -12.73602 39.86894 9.107598 -12.98378 39.86894 8.759803 -12.70673 39.86894 8.719409 -12.95205 39.86894 8.42126 -12.62217 39.86894 8.341536 -12.85764 39.86894 8.083976 -12.47638 39.86894 7.984016 -12.70311 39.86894 7.682047 -12.29563 39.86894 7.59563 -12.52846 39.86894 7.24189 -12.165 39.86894 7.187362 -12.40728 39.86894 6.766575 -12.34177 39.86894 6.766575 -12.02394 39.86894 6.766575 -11.89378 39.86894 6.425945 -12.34177 39.86894 6.425945 -11.89378 39.86894 15.14594 -12.34177 39.86894 15.14594 -11.89378 39.86894 14.80531 -11.89378 39.86894 7.24189 -12.165 40.88945 7.682047 -12.29563 39.86894 7.24189 -12.165 39.86894 7.682047 -12.29563 40.88945 7.682047 -12.29563 40.88945 7.24189 -12.165 40.88945 7.682047 -12.29563 39.86894 7.24189 -12.165 39.86894 7.187362 -12.40728 40.88945 6.766575 -12.02394 40.88945 6.766575 -12.34177 40.88945 7.24189 -12.165 40.88945 7.59563 -12.52846 40.88945 7.682047 -12.29563 40.88945 7.984016 -12.70311 40.88945 8.083976 -12.47638 40.88945 8.341536 -12.85764 40.88945 8.42126 -12.62217 40.88945 8.719409 -12.95205 40.88945 8.759803 -12.70673 40.88945 9.107598 -12.98378 40.88945 9.117717 -12.73602 40.88945 12.46429 -12.98378 40.88945 12.45417 -12.73602 40.88945 12.81209 -12.70673 40.88945 12.85248 -12.95205 40.88945 13.15067 -12.62217 40.88945 13.23035 -12.85764 40.88945 13.48791 -12.47638 40.88945 13.58787 -12.70311 40.88945 13.88984 -12.29563 40.88945 13.9763 -12.52846 40.88945 14.33 -12.165 40.88945 14.38453 -12.40728 40.88945 14.80531 -12.02394 40.88945 14.80531 -12.34177 40.88945 15.14594 -12.34177 40.88945 14.80531 -11.89378 40.88945 15.14594 -11.89378 40.88945 6.425945 -11.89378 40.88945 6.425945 -12.34177 40.88945 6.766575 -11.89378 40.88945 6.766575 -12.02394 40.88945 6.766575 -12.34177 40.88945 6.766575 -11.89378 40.88945 6.425945 -11.89378 40.88945 6.425945 -12.34177 40.88945 15.14594 -11.89378 40.88945 15.14594 -12.34177 40.88945 14.80531 -11.89378 40.88945 14.80531 -12.02394 40.88945 14.80531 -12.34177 40.88945 14.38453 -12.40728 40.88945 14.33 -12.165 40.88945 13.9763 -12.52846 40.88945 13.88984 -12.29563 40.88945 13.58787 -12.70311 40.88945 13.48791 -12.47638 40.88945 13.23035 -12.85764 40.88945 13.15067 -12.62217 40.88945 12.85248 -12.95205 40.88945 12.81209 -12.70673 40.88945 12.46429 -12.98378 40.88945 12.45417 -12.73602 40.88945 9.117717 -12.73602 40.88945 9.107598 -12.98378 40.88945 8.759803 -12.70673 40.88945 8.719409 -12.95205 40.88945 8.42126 -12.62217 40.88945 8.341536 -12.85764 40.88945 8.083976 -12.47638 40.88945 7.984016 -12.70311 40.88945 7.682047 -12.29563 40.88945 7.59563 -12.52846 40.88945 7.24189 -12.165 40.88945 7.187362 -12.40728 40.88945 8.42126 -12.62217 40.88945 8.759803 -12.70673 39.86894 8.42126 -12.62217 39.86894 8.759803 -12.70673 40.88945 8.759803 -12.70673 40.88945 8.42126 -12.62217 40.88945 8.759803 -12.70673 39.86894 8.42126 -12.62217 39.86894 15.14594 -11.89378 39.86894 15.14594 -12.34177 40.88945 15.14594 -12.34177 39.86894 15.14594 -11.89378 40.88945 15.14594 -11.89378 40.88945 15.14594 -11.89378 39.86894 15.14594 -12.34177 40.88945 15.14594 -12.34177 39.86894 15.14594 -12.34177 40.88945 14.80531 -12.34177 39.86894 15.14594 -12.34177 39.86894 14.80531 -12.34177 40.88945 14.80531 -12.34177 40.88945 15.14594 -12.34177 40.88945 14.80531 -12.34177 39.86894 15.14594 -12.34177 39.86894 14.80531 -12.34177 40.88945 14.38453 -12.40728 39.86894 14.80531 -12.34177 39.86894 14.38453 -12.40728 40.88945 14.38453 -12.40728 40.88945 14.80531 -12.34177 40.88945 14.38453 -12.40728 39.86894 14.80531 -12.34177 39.86894 14.38453 -12.40728 40.88945 13.9763 -12.52846 39.86894 14.38453 -12.40728 39.86894 13.9763 -12.52846 40.88945 13.9763 -12.52846 40.88945 14.38453 -12.40728 40.88945 13.9763 -12.52846 39.86894 14.38453 -12.40728 39.86894 13.9763 -12.52846 40.88945 13.58787 -12.70311 39.86894 13.9763 -12.52846 39.86894 13.58787 -12.70311 40.88945 13.58787 -12.70311 40.88945 13.9763 -12.52846 40.88945 13.58787 -12.70311 39.86894 13.9763 -12.52846 39.86894 13.58787 -12.70311 40.88945 13.23035 -12.85764 39.86894 13.58787 -12.70311 39.86894 13.23035 -12.85764 40.88945 13.23035 -12.85764 40.88945 13.58787 -12.70311 40.88945 13.23035 -12.85764 39.86894 13.58787 -12.70311 39.86894 13.23035 -12.85764 40.88945 12.85248 -12.95205 39.86894 13.23035 -12.85764 39.86894 12.85248 -12.95205 40.88945 12.85248 -12.95205 40.88945 13.23035 -12.85764 40.88945 12.85248 -12.95205 39.86894 13.23035 -12.85764 39.86894 12.85248 -12.95205 40.88945 12.46429 -12.98378 39.86894 12.85248 -12.95205 39.86894 12.46429 -12.98378 40.88945 12.46429 -12.98378 40.88945 12.85248 -12.95205 40.88945 12.46429 -12.98378 39.86894 12.85248 -12.95205 39.86894 12.46429 -12.98378 40.88945 9.107598 -12.98378 39.86894 12.46429 -12.98378 39.86894 9.107598 -12.98378 40.88945 9.107598 -12.98378 40.88945 12.46429 -12.98378 40.88945 9.107598 -12.98378 39.86894 12.46429 -12.98378 39.86894 9.107598 -12.98378 40.88945 8.719409 -12.95205 39.86894 9.107598 -12.98378 39.86894 8.719409 -12.95205 40.88945 8.719409 -12.95205 40.88945 9.107598 -12.98378 40.88945 8.719409 -12.95205 39.86894 9.107598 -12.98378 39.86894 8.719409 -12.95205 40.88945 8.341536 -12.85764 39.86894 8.719409 -12.95205 39.86894 8.341536 -12.85764 40.88945 8.341536 -12.85764 40.88945 8.719409 -12.95205 40.88945 8.341536 -12.85764 39.86894 8.719409 -12.95205 39.86894 8.341536 -12.85764 40.88945 7.984016 -12.70311 39.86894 8.341536 -12.85764 39.86894 7.984016 -12.70311 40.88945 7.984016 -12.70311 40.88945 8.341536 -12.85764 40.88945 7.984016 -12.70311 39.86894 8.341536 -12.85764 39.86894 7.984016 -12.70311 40.88945 7.59563 -12.52846 39.86894 7.984016 -12.70311 39.86894 7.59563 -12.52846 40.88945 7.59563 -12.52846 40.88945 7.984016 -12.70311 40.88945 7.59563 -12.52846 39.86894 7.984016 -12.70311 39.86894 7.59563 -12.52846 40.88945 7.187362 -12.40728 39.86894 7.59563 -12.52846 39.86894 7.187362 -12.40728 40.88945 7.187362 -12.40728 40.88945 7.59563 -12.52846 40.88945 7.187362 -12.40728 39.86894 7.59563 -12.52846 39.86894 7.187362 -12.40728 40.88945 6.766575 -12.34177 39.86894 7.187362 -12.40728 39.86894 6.766575 -12.34177 40.88945 6.766575 -12.34177 40.88945 7.187362 -12.40728 40.88945 6.766575 -12.34177 39.86894 7.187362 -12.40728 39.86894 6.766575 -12.34177 40.88945 6.425945 -12.34177 39.86894 6.766575 -12.34177 39.86894 6.425945 -12.34177 40.88945 6.425945 -12.34177 40.88945 6.766575 -12.34177 40.88945 6.425945 -12.34177 39.86894 6.766575 -12.34177 39.86894 6.425945 -11.89378 40.88945 6.425945 -12.34177 39.86894 6.425945 -12.34177 40.88945 6.425945 -11.89378 39.86894 6.425945 -11.89378 39.86894 6.425945 -11.89378 40.88945 6.425945 -12.34177 39.86894 6.425945 -12.34177 40.88945 6.766575 -11.89378 39.86894 6.766575 -12.02394 40.88945 6.766575 -12.02394 39.86894 6.766575 -11.89378 40.88945 6.766575 -11.89378 40.88945 6.766575 -11.89378 39.86894 6.766575 -12.02394 40.88945 6.766575 -12.02394 39.86894 6.766575 -12.02394 40.88945 7.24189 -12.165 39.86894 6.766575 -12.02394 39.86894 7.24189 -12.165 40.88945 7.24189 -12.165 40.88945 6.766575 -12.02394 40.88945 7.24189 -12.165 39.86894 6.766575 -12.02394 39.86894 8.759803 -12.70673 40.88945 9.117717 -12.73602 39.86894 8.759803 -12.70673 39.86894 9.117717 -12.73602 40.88945 9.117717 -12.73602 40.88945 8.759803 -12.70673 40.88945 9.117717 -12.73602 39.86894 8.759803 -12.70673 39.86894 9.117717 -12.73602 40.88945 12.45417 -12.73602 39.86894 9.117717 -12.73602 39.86894 12.45417 -12.73602 40.88945 12.45417 -12.73602 40.88945 9.117717 -12.73602 40.88945 12.45417 -12.73602 39.86894 9.117717 -12.73602 39.86894 12.45417 -12.73602 40.88945 12.81209 -12.70673 39.86894 12.45417 -12.73602 39.86894 12.81209 -12.70673 40.88945 12.81209 -12.70673 40.88945 12.45417 -12.73602 40.88945 12.81209 -12.70673 39.86894 12.45417 -12.73602 39.86894 12.81209 -12.70673 40.88945 13.15067 -12.62217 39.86894 12.81209 -12.70673 39.86894 13.15067 -12.62217 40.88945 13.15067 -12.62217 40.88945 12.81209 -12.70673 40.88945 13.15067 -12.62217 39.86894 12.81209 -12.70673 39.86894 13.15067 -12.62217 40.88945 13.48791 -12.47638 39.86894 13.15067 -12.62217 39.86894 13.48791 -12.47638 40.88945 13.48791 -12.47638 40.88945 13.15067 -12.62217 40.88945 13.48791 -12.47638 39.86894 13.15067 -12.62217 39.86894 13.48791 -12.47638 40.88945 13.88984 -12.29563 39.86894 13.48791 -12.47638 39.86894 13.88984 -12.29563 40.88945 13.88984 -12.29563 40.88945 13.48791 -12.47638 40.88945 13.88984 -12.29563 39.86894 13.48791 -12.47638 39.86894 13.88984 -12.29563 40.88945 14.33 -12.165 39.86894 13.88984 -12.29563 39.86894 14.33 -12.165 40.88945 14.33 -12.165 40.88945 13.88984 -12.29563 40.88945 14.33 -12.165 39.86894 13.88984 -12.29563 39.86894 14.33 -12.165 40.88945 14.80531 -12.02394 39.86894 14.33 -12.165 39.86894 14.80531 -12.02394 40.88945 14.80531 -12.02394 40.88945 14.33 -12.165 40.88945 14.80531 -12.02394 39.86894 14.33 -12.165 39.86894 14.80531 -11.89378 40.88945 14.80531 -12.02394 39.86894 14.80531 -12.02394 40.88945 14.80531 -11.89378 39.86894 14.80531 -11.89378 39.86894 14.80531 -11.89378 40.88945 14.80531 -12.02394 39.86894 14.80531 -12.02394 40.88945</float_array>
                    <technique_common>
                        <accessor count="392" source="#ID144" stride="3">
                            <param name="X" type="float" />
                            <param name="Y" type="float" />
                            <param name="Z" type="float" />
                        </accessor>
                    </technique_common>
                </source>
                <source id="ID141">
                    <float_array id="ID145" count="1176">0.4101392 0.912023 -1.154191e-17 0.4101392 0.912023 -1.154191e-17 0.4101392 0.912023 -1.154191e-17 0.4101392 0.912023 -1.154191e-17 -0.4101392 -0.912023 1.154191e-17 -0.4101392 -0.912023 1.154191e-17 -0.4101392 -0.912023 1.154191e-17 -0.4101392 -0.912023 1.154191e-17 0.3967619 0.9179215 0 0.3967619 0.9179215 0 0.3967619 0.9179215 0 0.3967619 0.9179215 0 -0.3967619 -0.9179215 -0 -0.3967619 -0.9179215 -0 -0.3967619 -0.9179215 -0 -0.3967619 -0.9179215 -0 0 0 -1 0 0 -1 0 0 -1 0 0 -1 0 0 -1 0 0 -1 0 0 -1 0 0 -1 0 0 -1 0 0 -1 0 0 -1 0 0 -1 0 0 -1 0 0 -1 0 0 -1 0 0 -1 0 0 -1 0 0 -1 0 0 -1 0 0 -1 0 0 -1 0 0 -1 0 0 -1 0 0 -1 0 0 -1 0 0 -1 0 0 -1 0 0 -1 0 0 -1 0 0 -1 0 0 -1 0 0 -1 0 0 -1 0 0 -1 -0 -0 1 -0 -0 1 -0 -0 1 -0 -0 1 -0 -0 1 -0 -0 1 -0 -0 1 -0 -0 1 -0 -0 1 -0 -0 1 -0 -0 1 -0 -0 1 -0 -0 1 -0 -0 1 -0 -0 1 -0 -0 1 -0 -0 1 -0 -0 1 -0 -0 1 -0 -0 1 -0 -0 1 -0 -0 1 -0 -0 1 -0 -0 1 -0 -0 1 -0 -0 1 -0 -0 1 -0 -0 1 -0 -0 1 -0 -0 1 -0 -0 1 -0 -0 1 -0 -0 1 -0 -0 1 0.2845153 0.9586715 -1.161861e-29 0.2845153 0.9586715 -1.161861e-29 0.2845153 0.9586715 -1.161861e-29 0.2845153 0.9586715 -1.161861e-29 -0.2845153 -0.9586715 1.161861e-29 -0.2845153 -0.9586715 1.161861e-29 -0.2845153 -0.9586715 1.161861e-29 -0.2845153 -0.9586715 1.161861e-29 9.398979e-31 -4.465058e-31 1 9.398979e-31 -4.465058e-31 1 9.398979e-31 -4.465058e-31 1 9.398979e-31 -4.465058e-31 1 9.398979e-31 -4.465058e-31 1 9.398979e-31 -4.465058e-31 1 9.398979e-31 -4.465058e-31 1 9.398979e-31 -4.465058e-31 1 9.398979e-31 -4.465058e-31 1 9.398979e-31 -4.465058e-31 1 9.398979e-31 -4.465058e-31 1 9.398979e-31 -4.465058e-31 1 9.398979e-31 -4.465058e-31 1 9.398979e-31 -4.465058e-31 1 9.398979e-31 -4.465058e-31 1 9.398979e-31 -4.465058e-31 1 9.398979e-31 -4.465058e-31 1 9.398979e-31 -4.465058e-31 1 9.398979e-31 -4.465058e-31 1 9.398979e-31 -4.465058e-31 1 9.398979e-31 -4.465058e-31 1 9.398979e-31 -4.465058e-31 1 9.398979e-31 -4.465058e-31 1 9.398979e-31 -4.465058e-31 1 9.398979e-31 -4.465058e-31 1 9.398979e-31 -4.465058e-31 1 9.398979e-31 -4.465058e-31 1 9.398979e-31 -4.465058e-31 1 9.398979e-31 -4.465058e-31 1 9.398979e-31 -4.465058e-31 1 9.398979e-31 -4.465058e-31 1 9.398979e-31 -4.465058e-31 1 9.398979e-31 -4.465058e-31 1 9.398979e-31 -4.465058e-31 1 -9.398979e-31 4.465058e-31 -1 -9.398979e-31 4.465058e-31 -1 -9.398979e-31 4.465058e-31 -1 -9.398979e-31 4.465058e-31 -1 -9.398979e-31 4.465058e-31 -1 -9.398979e-31 4.465058e-31 -1 -9.398979e-31 4.465058e-31 -1 -9.398979e-31 4.465058e-31 -1 -9.398979e-31 4.465058e-31 -1 -9.398979e-31 4.465058e-31 -1 -9.398979e-31 4.465058e-31 -1 -9.398979e-31 4.465058e-31 -1 -9.398979e-31 4.465058e-31 -1 -9.398979e-31 4.465058e-31 -1 -9.398979e-31 4.465058e-31 -1 -9.398979e-31 4.465058e-31 -1 -9.398979e-31 4.465058e-31 -1 -9.398979e-31 4.465058e-31 -1 -9.398979e-31 4.465058e-31 -1 -9.398979e-31 4.465058e-31 -1 -9.398979e-31 4.465058e-31 -1 -9.398979e-31 4.465058e-31 -1 -9.398979e-31 4.465058e-31 -1 -9.398979e-31 4.465058e-31 -1 -9.398979e-31 4.465058e-31 -1 -9.398979e-31 4.465058e-31 -1 -9.398979e-31 4.465058e-31 -1 -9.398979e-31 4.465058e-31 -1 -9.398979e-31 4.465058e-31 -1 -9.398979e-31 4.465058e-31 -1 -9.398979e-31 4.465058e-31 -1 -9.398979e-31 4.465058e-31 -1 -9.398979e-31 4.465058e-31 -1 -9.398979e-31 4.465058e-31 -1 0.2423477 0.9701895 -3.23207e-18 0.2423477 0.9701895 -3.23207e-18 0.2423477 0.9701895 -3.23207e-18 0.2423477 0.9701895 -3.23207e-18 -0.2423477 -0.9701895 3.23207e-18 -0.2423477 -0.9701895 3.23207e-18 -0.2423477 -0.9701895 3.23207e-18 -0.2423477 -0.9701895 3.23207e-18 1 0 0 1 0 0 1 0 0 1 0 0 -1 -0 -0 -1 -0 -0 -1 -0 -0 -1 -0 -0 0 -1 0 0 -1 0 0 -1 0 0 -1 0 -0 1 -0 -0 1 -0 -0 1 -0 -0 1 -0 0.1538345 -0.9880966 -2.395045e-29 0.1538345 -0.9880966 -2.395045e-29 0.1538345 -0.9880966 -2.395045e-29 0.1538345 -0.9880966 -2.395045e-29 -0.1538345 0.9880966 2.395045e-29 -0.1538345 0.9880966 2.395045e-29 -0.1538345 0.9880966 2.395045e-29 -0.1538345 0.9880966 2.395045e-29 0.2845737 -0.9586542 -8.169512e-30 0.2845737 -0.9586542 -8.169512e-30 0.2845737 -0.9586542 -8.169512e-30 0.2845737 -0.9586542 -8.169512e-30 -0.2845737 0.9586542 8.169512e-30 -0.2845737 0.9586542 8.169512e-30 -0.2845737 0.9586542 8.169512e-30 -0.2845737 0.9586542 8.169512e-30 0.4100794 -0.9120498 6.122471e-19 0.4100794 -0.9120498 6.122471e-19 0.4100794 -0.9120498 6.122471e-19 0.4100794 -0.9120498 6.122471e-19 -0.4100794 0.9120498 -6.122471e-19 -0.4100794 0.9120498 -6.122471e-19 -0.4100794 0.9120498 -6.122471e-19 -0.4100794 0.9120498 -6.122471e-19 0.3967494 -0.9179269 4.808401e-30 0.3967494 -0.9179269 4.808401e-30 0.3967494 -0.9179269 4.808401e-30 0.3967494 -0.9179269 4.808401e-30 -0.3967494 0.9179269 -4.808401e-30 -0.3967494 0.9179269 -4.808401e-30 -0.3967494 0.9179269 -4.808401e-30 -0.3967494 0.9179269 -4.808401e-30 0.2423922 -0.9701783 -3.230002e-18 0.2423922 -0.9701783 -3.230002e-18 0.2423922 -0.9701783 -3.230002e-18 0.2423922 -0.9701783 -3.230002e-18 -0.2423922 0.9701783 3.230002e-18 -0.2423922 0.9701783 3.230002e-18 -0.2423922 0.9701783 3.230002e-18 -0.2423922 0.9701783 3.230002e-18 0.08147259 -0.9966756 -9.874062e-31 0.08147259 -0.9966756 -9.874062e-31 0.08147259 -0.9966756 -9.874062e-31 0.08147259 -0.9966756 -9.874062e-31 -0.08147259 0.9966756 9.874062e-31 -0.08147259 0.9966756 9.874062e-31 -0.08147259 0.9966756 9.874062e-31 -0.08147259 0.9966756 9.874062e-31 0 -1 0 0 -1 0 0 -1 0 0 -1 0 -0 1 -0 -0 1 -0 -0 1 -0 -0 1 -0 -0.08147259 -0.9966756 0 -0.08147259 -0.9966756 0 -0.08147259 -0.9966756 0 -0.08147259 -0.9966756 0 0.08147259 0.9966756 -0 0.08147259 0.9966756 -0 0.08147259 0.9966756 -0 0.08147259 0.9966756 -0 -0.2423924 -0.9701783 -3.230005e-18 -0.2423924 -0.9701783 -3.230005e-18 -0.2423924 -0.9701783 -3.230005e-18 -0.2423924 -0.9701783 -3.230005e-18 0.2423924 0.9701783 3.230005e-18 0.2423924 0.9701783 3.230005e-18 0.2423924 0.9701783 3.230005e-18 0.2423924 0.9701783 3.230005e-18 -0.3967491 -0.9179271 -5.286888e-18 -0.3967491 -0.9179271 -5.286888e-18 -0.3967491 -0.9179271 -5.286888e-18 -0.3967491 -0.9179271 -5.286888e-18 0.3967491 0.9179271 5.286888e-18 0.3967491 0.9179271 5.286888e-18 0.3967491 0.9179271 5.286888e-18 0.3967491 0.9179271 5.286888e-18 -0.410114 -0.9120343 -6.076665e-18 -0.410114 -0.9120343 -6.076665e-18 -0.410114 -0.9120343 -6.076665e-18 -0.410114 -0.9120343 -6.076665e-18 0.410114 0.9120343 6.076665e-18 0.410114 0.9120343 6.076665e-18 0.410114 0.9120343 6.076665e-18 0.410114 0.9120343 6.076665e-18 -0.2845487 -0.9586616 3.791759e-18 -0.2845487 -0.9586616 3.791759e-18 -0.2845487 -0.9586616 3.791759e-18 -0.2845487 -0.9586616 3.791759e-18 0.2845487 0.9586616 -3.791759e-18 0.2845487 0.9586616 -3.791759e-18 0.2845487 0.9586616 -3.791759e-18 0.2845487 0.9586616 -3.791759e-18 -0.1538346 -0.9880966 -2.049926e-18 -0.1538346 -0.9880966 -2.049926e-18 -0.1538346 -0.9880966 -2.049926e-18 -0.1538346 -0.9880966 -2.049926e-18 0.1538346 0.9880966 2.049926e-18 0.1538346 0.9880966 2.049926e-18 0.1538346 0.9880966 2.049926e-18 0.1538346 0.9880966 2.049926e-18 0 -1 0 0 -1 0 0 -1 0 0 -1 0 -0 1 -0 -0 1 -0 -0 1 -0 -0 1 -0 -1 0 0 -1 0 0 -1 0 0 -1 0 0 1 -0 -0 1 -0 -0 1 -0 -0 1 -0 -0 1 0 0 1 0 0 1 0 0 1 0 0 -1 -0 -0 -1 -0 -0 -1 -0 -0 -1 -0 -0 0.2845123 0.9586724 -3.791274e-18 0.2845123 0.9586724 -3.791274e-18 0.2845123 0.9586724 -3.791274e-18 0.2845123 0.9586724 -3.791274e-18 -0.2845123 -0.9586724 3.791274e-18 -0.2845123 -0.9586724 3.791274e-18 -0.2845123 -0.9586724 3.791274e-18 -0.2845123 -0.9586724 3.791274e-18 0.08156757 0.9966678 1.08693e-18 0.08156757 0.9966678 1.08693e-18 0.08156757 0.9966678 1.08693e-18 0.08156757 0.9966678 1.08693e-18 -0.08156757 -0.9966678 -1.08693e-18 -0.08156757 -0.9966678 -1.08693e-18 -0.08156757 -0.9966678 -1.08693e-18 -0.08156757 -0.9966678 -1.08693e-18 0 1 0 0 1 0 0 1 0 0 1 0 -0 -1 -0 -0 -1 -0 -0 -1 -0 -0 -1 -0 -0.08156766 0.9966678 -1.086932e-18 -0.08156766 0.9966678 -1.086932e-18 -0.08156766 0.9966678 -1.086932e-18 -0.08156766 0.9966678 -1.086932e-18 0.08156766 -0.9966678 1.086932e-18 0.08156766 -0.9966678 1.086932e-18 0.08156766 -0.9966678 1.086932e-18 0.08156766 -0.9966678 1.086932e-18 -0.2423214 0.970196 -3.232092e-18 -0.2423214 0.970196 -3.232092e-18 -0.2423214 0.970196 -3.232092e-18 -0.2423214 0.970196 -3.232092e-18 0.2423214 -0.970196 3.232092e-18 0.2423214 -0.970196 3.232092e-18 0.2423214 -0.970196 3.232092e-18 0.2423214 -0.970196 3.232092e-18 -0.3968006 0.9179048 -4.809021e-30 -0.3968006 0.9179048 -4.809021e-30 -0.3968006 0.9179048 -4.809021e-30 -0.3968006 0.9179048 -4.809021e-30 0.3968006 -0.9179048 4.809021e-30 0.3968006 -0.9179048 4.809021e-30 0.3968006 -0.9179048 4.809021e-30 0.3968006 -0.9179048 4.809021e-30 -0.4101388 0.9120231 6.076591e-18 -0.4101388 0.9120231 6.076591e-18 -0.4101388 0.9120231 6.076591e-18 -0.4101388 0.9120231 6.076591e-18 0.4101388 -0.9120231 -6.076591e-18 0.4101388 -0.9120231 -6.076591e-18 0.4101388 -0.9120231 -6.076591e-18 0.4101388 -0.9120231 -6.076591e-18 -0.2845158 0.9586713 8.170421e-30 -0.2845158 0.9586713 8.170421e-30 -0.2845158 0.9586713 8.170421e-30 -0.2845158 0.9586713 8.170421e-30 0.2845158 -0.9586713 -8.170421e-30 0.2845158 -0.9586713 -8.170421e-30 0.2845158 -0.9586713 -8.170421e-30 0.2845158 -0.9586713 -8.170421e-30 -0.2845118 0.9586725 3.791268e-18 -0.2845118 0.9586725 3.791268e-18 -0.2845118 0.9586725 3.791268e-18 -0.2845118 0.9586725 3.791268e-18 0.2845118 -0.9586725 -3.791268e-18 0.2845118 -0.9586725 -3.791268e-18 0.2845118 -0.9586725 -3.791268e-18 0.2845118 -0.9586725 -3.791268e-18 -1 0 0 -1 0 0 -1 0 0 -1 0 0 1 -0 -0 1 -0 -0 1 -0 -0 1 -0 -0</float_array>
                    <technique_common>
                        <accessor count="392" source="#ID145" stride="3">
                            <param name="X" type="float" />
                            <param name="Y" type="float" />
                            <param name="Z" type="float" />
                        </accessor>
                    </technique_common>
                </source>
                <source id="ID143">
                    <float_array id="ID146" count="392">0.652115 0.35081 0.648737 0.342237 0.652115 0.342237 0.648737 0.35081 0.725624 0.35081 0.72279 0.342237 0.725624 0.342237 0.72279 0.35081 0.02297979 0.7289507 0.02407213 0.7318145 0.02297898 0.731814 0.02674151 0.7318156 0.02674232 0.7289522 0.02295982 0.799387 0.02672153 0.8022518 0.02295901 0.8022503 0.02672235 0.7993885 0.02405297 0.7993874 0.02523883 0.7953925 0.02727356 0.7958516 0.02829229 0.7924202 0.026337 0.791693 0.02976 0.789156 0.027856 0.788315 0.03105868 0.7861513 0.02908122 0.7854803 0.03185249 0.7829752 0.02979227 0.7826348 0.03211992 0.7797122 0.03003913 0.7796263 0.03212792 0.7514962 0.03004709 0.7515804 0.02980193 0.7485717 0.03186234 0.748233 0.0290925 0.7457253 0.03107033 0.7450563 0.02786888 0.74289 0.02977336 0.7420505 0.0263518 0.7395108 0.0283075 0.7387848 0.02525573 0.7358104 0.02729071 0.7353529 0.614882 0.35081 0.611183 0.342237 0.614882 0.342237 0.611183 0.35081 0.0382914 0.7353895 0.0350715 0.7318559 0.03774146 0.7318546 0.03625605 0.7358486 0.039309 0.738819 0.037353 0.739546 0.04077574 0.7420813 0.038871 0.742922 0.04207352 0.7450843 0.04009537 0.7457551 0.04286625 0.7482586 0.04080545 0.7485989 0.04313246 0.7515198 0.04105119 0.7516058 0.04312937 0.7797207 0.04104811 0.7796367 0.04080172 0.7826438 0.04286244 0.7829822 0.04009101 0.7854887 0.04206902 0.7861572 0.03886602 0.7883227 0.04077058 0.7891615 0.03734728 0.7917002 0.03930312 0.7924256 0.03624952 0.7953987 0.03828476 0.7958558 0.03506409 0.7993926 0.03773405 0.7993913 0.03773374 0.802253 0.03397071 0.7993931 0.0339704 0.8022549 0.03397843 0.7289947 0.03774177 0.7289928 0.03397812 0.7318564 0.725559 0.331185 0.722713 0.322612 0.725559 0.322612 0.722713 0.331185 0.5888704 0.353788 0.585107 0.362361 0.585107 0.353788 0.5888704 0.362361 0.706747 0.320753 0.703884 0.312181 0.706747 0.312181 0.703884 0.320753 0.631294 0.320753 0.627758 0.312181 0.631294 0.312181 0.627758 0.320753 0.636583 0.320753 0.633152 0.312181 0.636583 0.312181 0.633152 0.320753 0.652176 0.320753 0.648912 0.312181 0.652176 0.312181 0.648912 0.320753 0.697294 0.331185 0.69429 0.322612 0.697294 0.322612 0.69429 0.331185 0.679115 0.362361 0.67594 0.353788 0.679115 0.353788 0.67594 0.362361 0.672663 0.320753 0.669401 0.312181 0.672663 0.312181 0.669401 0.320753 0.55969 0.340378 0.568263 0.31218 0.568263 0.340378 0.55969 0.31218 0.672598 0.35081 0.669336 0.342237 0.672598 0.342237 0.669336 0.35081 0.682667 0.35081 0.679491 0.342237 0.682667 0.342237 0.679491 0.35081 0.698572 0.362361 0.695568 0.353788 0.698572 0.353788 0.695568 0.362361 0.657299 0.320753 0.654036 0.312181 0.657299 0.312181 0.654036 0.320753 0.63809 0.362361 0.634659 0.353788 0.63809 0.353788 0.634659 0.362361 0.625898 0.331225 0.622362 0.322653 0.625898 0.322653 0.622362 0.331225 0.716188 0.320753 0.713326 0.312181 0.716188 0.312181 0.713326 0.320753 0.5832666 0.35081 0.58703 0.342237 0.58703 0.35081 0.5832666 0.342237 0.735649 0.353788 0.734556 0.362361 0.734556 0.353788 0.735649 0.362361 0.564308 0.35081 0.560314 0.342237 0.564308 0.342237 0.560314 0.35081 0.682564 0.320753 0.679556 0.312181 0.682564 0.312181 0.679556 0.320753 0.611932 0.34021 0.620504 0.31218 0.620504 0.34021 0.611932 0.31218 0.687429 0.320753 0.684422 0.312181 0.687429 0.312181 0.684422 0.320753 0.725595 0.320753 0.72275 0.312181 0.725595 0.312181 0.72275 0.320753 0.726789 0.362361 0.723955 0.353788 0.726789 0.353788 0.723955 0.362361 0.652239 0.331185 0.648861 0.322613 0.652239 0.322613 0.648861 0.331185 0.616722 0.362361 0.613024 0.353788 0.616722 0.353788 0.613024 0.362361 0.572002 0.362361 0.568008 0.353788 0.572002 0.353788 0.568008 0.362361 0.732148 0.320753 0.733241 0.312181 0.733241 0.320753 0.732148 0.312181</float_array>
                    <technique_common>
                        <accessor count="196" source="#ID146" stride="2">
                            <param name="S" type="float" />
                            <param name="T" type="float" />
                        </accessor>
                    </technique_common>
                </source>
                <vertices id="ID142">
                    <input semantic="POSITION" source="#ID140" />
                    <input semantic="NORMAL" source="#ID141" />
                </vertices>
                <triangles count="256" material="Material2">
                    <input offset="0" semantic="VERTEX" source="#ID142" />
                    <input offset="1" semantic="TEXCOORD" source="#ID143" />
                    <p>0 0 1 1 2 2 1 1 0 0 3 3 4 3 5 0 6 1 7 2 6 1 5 0 8 4 9 5 10 6 9 5 8 4 11 7 12 7 13 4 14 5 15 6 14 5 13 4 16 8 17 9 18 10 17 9 16 8 19 11 19 11 16 8 20 12 21 13 22 14 23 15 22 14 21 13 24 16 24 16 21 13 25 17 24 16 25 17 26 18 24 16 26 18 27 19 27 19 26 18 28 20 28 20 26 18 29 21 28 20 29 21 30 22 30 22 29 21 31 23 30 22 31 23 32 24 32 24 31 23 33 25 32 24 33 25 34 26 34 26 33 25 35 27 34 26 35 27 36 28 36 28 35 27 37 29 36 28 37 29 38 30 38 30 37 29 39 31 38 30 39 31 40 32 38 30 40 32 41 33 41 33 40 32 42 34 41 33 42 34 43 35 43 35 42 34 44 36 43 35 44 36 45 37 45 37 44 36 46 38 45 37 46 38 47 39 47 39 46 38 48 40 47 39 48 40 49 41 49 41 48 40 17 9 49 41 17 9 19 11 50 11 51 9 52 41 51 9 53 40 52 41 52 41 53 40 54 39 53 40 55 38 54 39 54 39 55 38 56 37 55 38 57 36 56 37 56 37 57 36 58 35 57 36 59 34 58 35 58 35 59 34 60 33 59 34 61 32 60 33 60 33 61 32 62 30 61 32 63 31 62 30 63 31 64 29 62 30 62 30 64 29 65 28 64 29 66 27 65 28 65 28 66 27 67 26 66 27 68 25 67 26 67 26 68 25 69 24 68 25 70 23 69 24 69 24 70 23 71 22 70 23 72 21 71 22 71 22 72 21 73 20 72 21 74 18 73 20 73 20 74 18 75 19 75 19 74 18 76 16 74 18 77 17 76 16 77 17 78 13 76 16 76 16 78 13 79 14 80 15 79 14 78 13 81 12 82 8 50 11 50 11 82 8 51 9 83 10 51 9 82 8 84 42 85 43 86 44 85 43 84 42 87 45 88 45 89 42 90 43 91 44 90 43 89 42 92 46 93 47 94 48 93 47 92 46 95 49 95 49 92 46 96 50 95 49 96 50 97 51 97 51 96 50 98 52 97 51 98 52 99 53 99 53 98 52 100 54 99 53 100 54 101 55 101 55 100 54 102 56 101 55 102 56 103 57 103 57 102 56 104 58 103 57 104 58 105 59 105 59 104 58 106 60 105 59 106 60 107 61 107 61 106 60 108 62 108 62 106 60 109 63 108 62 109 63 110 64 110 64 109 63 111 65 110 64 111 65 112 66 112 66 111 65 113 67 112 66 113 67 114 68 114 68 113 67 115 69 114 68 115 69 116 70 116 70 115 69 117 71 116 70 117 71 118 72 118 72 117 71 119 73 118 72 119 73 120 74 118 72 120 74 121 75 121 75 120 74 122 76 94 48 123 77 124 78 123 77 94 48 125 79 125 79 94 48 93 47 126 47 127 48 128 79 128 79 127 48 129 77 130 78 129 77 127 48 131 76 132 74 133 75 133 75 132 74 134 72 132 74 135 73 134 72 135 73 136 71 134 72 134 72 136 71 137 70 136 71 138 69 137 70 137 70 138 69 139 68 138 69 140 67 139 68 139 68 140 67 141 66 140 67 142 65 141 66 141 66 142 65 143 64 142 65 144 63 143 64 143 64 144 63 145 62 144 63 146 60 145 62 145 62 146 60 147 61 147 61 146 60 148 59 146 60 149 58 148 59 148 59 149 58 150 57 149 58 151 56 150 57 150 57 151 56 152 55 151 56 153 54 152 55 152 55 153 54 154 53 153 54 155 52 154 53 154 53 155 52 156 51 155 52 157 50 156 51 156 51 157 50 158 49 157 50 159 46 158 49 158 49 159 46 126 47 127 48 126 47 159 46 160 80 161 81 162 82 161 81 160 80 163 83 164 83 165 80 166 81 167 82 166 81 165 80 168 84 169 85 170 86 169 85 168 84 171 87 172 87 173 84 174 85 175 86 174 85 173 84 176 88 177 89 178 90 177 89 176 88 179 91 180 91 181 88 182 89 183 90 182 89 181 88 184 92 185 93 186 94 185 93 184 92 187 95 188 95 189 92 190 93 191 94 190 93 189 92 192 96 193 97 194 98 193 97 192 96 195 99 196 99 197 96 198 97 199 98 198 97 197 96 200 100 201 101 202 102 201 101 200 100 203 103 204 103 205 100 206 101 207 102 206 101 205 100 208 104 209 105 210 106 209 105 208 104 211 107 212 107 213 104 214 105 215 106 214 105 213 104 216 108 217 109 218 110 217 109 216 108 219 111 220 111 221 108 222 109 223 110 222 109 221 108 224 112 225 113 226 114 225 113 224 112 227 115 228 115 229 112 230 113 231 114 230 113 229 112 232 116 233 117 234 118 233 117 232 116 235 119 236 119 237 116 238 117 239 118 238 117 237 116 240 120 241 121 242 122 241 121 240 120 243 123 244 123 245 120 246 121 247 122 246 121 245 120 248 124 249 125 250 126 249 125 248 124 251 127 252 127 253 124 254 125 255 126 254 125 253 124 256 128 257 129 258 130 257 129 256 128 259 131 260 131 261 128 262 129 263 130 262 129 261 128 264 132 265 133 266 134 265 133 264 132 267 135 268 135 269 132 270 133 271 134 270 133 269 132 272 136 273 137 274 138 273 137 272 136 275 139 276 139 277 136 278 137 279 138 278 137 277 136 280 140 281 141 282 142 281 141 280 140 283 143 284 143 285 140 286 141 287 142 286 141 285 140 288 144 289 145 290 146 289 145 288 144 291 147 292 147 293 144 294 145 295 146 294 145 293 144 296 148 297 149 298 150 297 149 296 148 299 151 300 151 301 148 302 149 303 150 302 149 301 148 304 152 305 153 306 154 305 153 304 152 307 155 308 155 309 152 310 153 311 154 310 153 309 152 312 156 313 157 314 158 313 157 312 156 315 159 316 159 317 156 318 157 319 158 318 157 317 156 320 160 321 161 322 162 321 161 320 160 323 163 324 163 325 160 326 161 327 162 326 161 325 160 328 164 329 165 330 166 329 165 328 164 331 167 332 167 333 164 334 165 335 166 334 165 333 164 336 168 337 169 338 170 337 169 336 168 339 171 340 171 341 168 342 169 343 170 342 169 341 168 344 172 345 173 346 174 345 173 344 172 347 175 348 175 349 172 350 173 351 174 350 173 349 172 352 176 353 177 354 178 353 177 352 176 355 179 356 179 357 176 358 177 359 178 358 177 357 176 360 180 361 181 362 182 361 181 360 180 363 183 364 183 365 180 366 181 367 182 366 181 365 180 368 184 369 185 370 186 369 185 368 184 371 187 372 187 373 184 374 185 375 186 374 185 373 184 376 188 377 189 378 190 377 189 376 188 379 191 380 191 381 188 382 189 383 190 382 189 381 188 384 192 385 193 386 194 385 193 384 192 387 195 388 195 389 192 390 193 391 194 390 193 389 192</p>
                </triangles>
            </mesh>
        </geometry>
        <geometry id="ID147">
            <mesh>
                <source id="ID148">
                    <float_array id="ID152" count="1176">-12.7302 -12.70673 40.88945 -12.37228 -12.73602 39.86894 -12.7302 -12.70673 39.86894 -12.37228 -12.73602 40.88945 -12.37228 -12.73602 40.88945 -12.7302 -12.70673 40.88945 -12.37228 -12.73602 39.86894 -12.7302 -12.70673 39.86894 -12.37228 -12.73602 40.88945 -9.035826 -12.73602 39.86894 -12.37228 -12.73602 39.86894 -9.035826 -12.73602 40.88945 -9.035826 -12.73602 40.88945 -12.37228 -12.73602 40.88945 -9.035826 -12.73602 39.86894 -12.37228 -12.73602 39.86894 -6.344055 -11.89378 39.86894 -6.684685 -12.02394 39.86894 -6.684685 -11.89378 39.86894 -6.684685 -12.34177 39.86894 -6.344055 -12.34177 39.86894 -14.72343 -11.89378 39.86894 -15.06406 -12.34177 39.86894 -15.06406 -11.89378 39.86894 -14.72343 -12.34177 39.86894 -14.72343 -12.02394 39.86894 -14.24807 -12.165 39.86894 -14.30264 -12.40728 39.86894 -13.89437 -12.52846 39.86894 -13.80795 -12.29563 39.86894 -13.50598 -12.70311 39.86894 -13.40602 -12.47638 39.86894 -13.14846 -12.85764 39.86894 -13.06874 -12.62217 39.86894 -12.77059 -12.95205 39.86894 -12.7302 -12.70673 39.86894 -12.3824 -12.98378 39.86894 -12.37228 -12.73602 39.86894 -9.025708 -12.98378 39.86894 -9.035826 -12.73602 39.86894 -8.677913 -12.70673 39.86894 -8.63752 -12.95205 39.86894 -8.33933 -12.62217 39.86894 -8.259646 -12.85764 39.86894 -8.002087 -12.47638 39.86894 -7.902126 -12.70311 39.86894 -7.600158 -12.29563 39.86894 -7.513741 -12.52846 39.86894 -7.16 -12.165 39.86894 -7.105472 -12.40728 39.86894 -6.684685 -12.34177 39.86894 -6.684685 -12.02394 39.86894 -7.105472 -12.40728 39.86894 -7.16 -12.165 39.86894 -7.513741 -12.52846 39.86894 -7.600158 -12.29563 39.86894 -7.902126 -12.70311 39.86894 -8.002087 -12.47638 39.86894 -8.259646 -12.85764 39.86894 -8.33933 -12.62217 39.86894 -8.63752 -12.95205 39.86894 -8.677913 -12.70673 39.86894 -9.025708 -12.98378 39.86894 -9.035826 -12.73602 39.86894 -12.37228 -12.73602 39.86894 -12.3824 -12.98378 39.86894 -12.7302 -12.70673 39.86894 -12.77059 -12.95205 39.86894 -13.06874 -12.62217 39.86894 -13.14846 -12.85764 39.86894 -13.40602 -12.47638 39.86894 -13.50598 -12.70311 39.86894 -13.80795 -12.29563 39.86894 -13.89437 -12.52846 39.86894 -14.24807 -12.165 39.86894 -14.30264 -12.40728 39.86894 -14.72343 -12.34177 39.86894 -14.72343 -12.02394 39.86894 -14.72343 -11.89378 39.86894 -15.06406 -12.34177 39.86894 -15.06406 -11.89378 39.86894 -6.344055 -12.34177 39.86894 -6.344055 -11.89378 39.86894 -6.684685 -11.89378 39.86894 -13.06874 -12.62217 40.88945 -12.7302 -12.70673 39.86894 -13.06874 -12.62217 39.86894 -12.7302 -12.70673 40.88945 -12.7302 -12.70673 40.88945 -13.06874 -12.62217 40.88945 -12.7302 -12.70673 39.86894 -13.06874 -12.62217 39.86894 -14.30264 -12.40728 40.88945 -14.72343 -12.02394 40.88945 -14.72343 -12.34177 40.88945 -14.24807 -12.165 40.88945 -13.89437 -12.52846 40.88945 -13.80795 -12.29563 40.88945 -13.50598 -12.70311 40.88945 -13.40602 -12.47638 40.88945 -13.14846 -12.85764 40.88945 -13.06874 -12.62217 40.88945 -12.77059 -12.95205 40.88945 -12.7302 -12.70673 40.88945 -12.3824 -12.98378 40.88945 -12.37228 -12.73602 40.88945 -9.025708 -12.98378 40.88945 -9.035826 -12.73602 40.88945 -8.677913 -12.70673 40.88945 -8.63752 -12.95205 40.88945 -8.33933 -12.62217 40.88945 -8.259646 -12.85764 40.88945 -8.002087 -12.47638 40.88945 -7.902126 -12.70311 40.88945 -7.600158 -12.29563 40.88945 -7.513741 -12.52846 40.88945 -7.16 -12.165 40.88945 -7.105472 -12.40728 40.88945 -6.684685 -12.02394 40.88945 -6.684685 -12.34177 40.88945 -6.344055 -12.34177 40.88945 -6.684685 -11.89378 40.88945 -6.344055 -11.89378 40.88945 -15.06406 -11.89378 40.88945 -15.06406 -12.34177 40.88945 -14.72343 -11.89378 40.88945 -14.72343 -12.02394 40.88945 -14.72343 -12.34177 40.88945 -14.72343 -11.89378 40.88945 -15.06406 -11.89378 40.88945 -15.06406 -12.34177 40.88945 -6.344055 -11.89378 40.88945 -6.344055 -12.34177 40.88945 -6.684685 -11.89378 40.88945 -6.684685 -12.02394 40.88945 -6.684685 -12.34177 40.88945 -7.105472 -12.40728 40.88945 -7.16 -12.165 40.88945 -7.513741 -12.52846 40.88945 -7.600158 -12.29563 40.88945 -7.902126 -12.70311 40.88945 -8.002087 -12.47638 40.88945 -8.259646 -12.85764 40.88945 -8.33933 -12.62217 40.88945 -8.63752 -12.95205 40.88945 -8.677913 -12.70673 40.88945 -9.025708 -12.98378 40.88945 -9.035826 -12.73602 40.88945 -12.37228 -12.73602 40.88945 -12.3824 -12.98378 40.88945 -12.7302 -12.70673 40.88945 -12.77059 -12.95205 40.88945 -13.06874 -12.62217 40.88945 -13.14846 -12.85764 40.88945 -13.40602 -12.47638 40.88945 -13.50598 -12.70311 40.88945 -13.80795 -12.29563 40.88945 -13.89437 -12.52846 40.88945 -14.24807 -12.165 40.88945 -14.30264 -12.40728 40.88945 -9.035826 -12.73602 40.88945 -8.677913 -12.70673 39.86894 -9.035826 -12.73602 39.86894 -8.677913 -12.70673 40.88945 -8.677913 -12.70673 40.88945 -9.035826 -12.73602 40.88945 -8.677913 -12.70673 39.86894 -9.035826 -12.73602 39.86894 -6.344055 -11.89378 39.86894 -6.344055 -12.34177 40.88945 -6.344055 -12.34177 39.86894 -6.344055 -11.89378 40.88945 -6.344055 -11.89378 40.88945 -6.344055 -11.89378 39.86894 -6.344055 -12.34177 40.88945 -6.344055 -12.34177 39.86894 -6.344055 -12.34177 40.88945 -6.684685 -12.34177 39.86894 -6.344055 -12.34177 39.86894 -6.684685 -12.34177 40.88945 -6.684685 -12.34177 40.88945 -6.344055 -12.34177 40.88945 -6.684685 -12.34177 39.86894 -6.344055 -12.34177 39.86894 -6.684685 -12.34177 40.88945 -7.105472 -12.40728 39.86894 -6.684685 -12.34177 39.86894 -7.105472 -12.40728 40.88945 -7.105472 -12.40728 40.88945 -6.684685 -12.34177 40.88945 -7.105472 -12.40728 39.86894 -6.684685 -12.34177 39.86894 -7.105472 -12.40728 40.88945 -7.513741 -12.52846 39.86894 -7.105472 -12.40728 39.86894 -7.513741 -12.52846 40.88945 -7.513741 -12.52846 40.88945 -7.105472 -12.40728 40.88945 -7.513741 -12.52846 39.86894 -7.105472 -12.40728 39.86894 -7.513741 -12.52846 40.88945 -7.902126 -12.70311 39.86894 -7.513741 -12.52846 39.86894 -7.902126 -12.70311 40.88945 -7.902126 -12.70311 40.88945 -7.513741 -12.52846 40.88945 -7.902126 -12.70311 39.86894 -7.513741 -12.52846 39.86894 -7.902126 -12.70311 40.88945 -8.259646 -12.85764 39.86894 -7.902126 -12.70311 39.86894 -8.259646 -12.85764 40.88945 -8.259646 -12.85764 40.88945 -7.902126 -12.70311 40.88945 -8.259646 -12.85764 39.86894 -7.902126 -12.70311 39.86894 -8.259646 -12.85764 40.88945 -8.63752 -12.95205 39.86894 -8.259646 -12.85764 39.86894 -8.63752 -12.95205 40.88945 -8.63752 -12.95205 40.88945 -8.259646 -12.85764 40.88945 -8.63752 -12.95205 39.86894 -8.259646 -12.85764 39.86894 -8.63752 -12.95205 40.88945 -9.025708 -12.98378 39.86894 -8.63752 -12.95205 39.86894 -9.025708 -12.98378 40.88945 -9.025708 -12.98378 40.88945 -8.63752 -12.95205 40.88945 -9.025708 -12.98378 39.86894 -8.63752 -12.95205 39.86894 -9.025708 -12.98378 40.88945 -12.3824 -12.98378 39.86894 -9.025708 -12.98378 39.86894 -12.3824 -12.98378 40.88945 -12.3824 -12.98378 40.88945 -9.025708 -12.98378 40.88945 -12.3824 -12.98378 39.86894 -9.025708 -12.98378 39.86894 -12.3824 -12.98378 40.88945 -12.77059 -12.95205 39.86894 -12.3824 -12.98378 39.86894 -12.77059 -12.95205 40.88945 -12.77059 -12.95205 40.88945 -12.3824 -12.98378 40.88945 -12.77059 -12.95205 39.86894 -12.3824 -12.98378 39.86894 -12.77059 -12.95205 40.88945 -13.14846 -12.85764 39.86894 -12.77059 -12.95205 39.86894 -13.14846 -12.85764 40.88945 -13.14846 -12.85764 40.88945 -12.77059 -12.95205 40.88945 -13.14846 -12.85764 39.86894 -12.77059 -12.95205 39.86894 -13.14846 -12.85764 40.88945 -13.50598 -12.70311 39.86894 -13.14846 -12.85764 39.86894 -13.50598 -12.70311 40.88945 -13.50598 -12.70311 40.88945 -13.14846 -12.85764 40.88945 -13.50598 -12.70311 39.86894 -13.14846 -12.85764 39.86894 -13.50598 -12.70311 40.88945 -13.89437 -12.52846 39.86894 -13.50598 -12.70311 39.86894 -13.89437 -12.52846 40.88945 -13.89437 -12.52846 40.88945 -13.50598 -12.70311 40.88945 -13.89437 -12.52846 39.86894 -13.50598 -12.70311 39.86894 -13.89437 -12.52846 40.88945 -14.30264 -12.40728 39.86894 -13.89437 -12.52846 39.86894 -14.30264 -12.40728 40.88945 -14.30264 -12.40728 40.88945 -13.89437 -12.52846 40.88945 -14.30264 -12.40728 39.86894 -13.89437 -12.52846 39.86894 -14.30264 -12.40728 40.88945 -14.72343 -12.34177 39.86894 -14.30264 -12.40728 39.86894 -14.72343 -12.34177 40.88945 -14.72343 -12.34177 40.88945 -14.30264 -12.40728 40.88945 -14.72343 -12.34177 39.86894 -14.30264 -12.40728 39.86894 -14.72343 -12.34177 40.88945 -15.06406 -12.34177 39.86894 -14.72343 -12.34177 39.86894 -15.06406 -12.34177 40.88945 -15.06406 -12.34177 40.88945 -14.72343 -12.34177 40.88945 -15.06406 -12.34177 39.86894 -14.72343 -12.34177 39.86894 -15.06406 -11.89378 40.88945 -15.06406 -12.34177 39.86894 -15.06406 -12.34177 40.88945 -15.06406 -11.89378 39.86894 -15.06406 -11.89378 39.86894 -15.06406 -11.89378 40.88945 -15.06406 -12.34177 39.86894 -15.06406 -12.34177 40.88945 -14.72343 -11.89378 39.86894 -14.72343 -12.02394 40.88945 -14.72343 -12.02394 39.86894 -14.72343 -11.89378 40.88945 -14.72343 -11.89378 40.88945 -14.72343 -11.89378 39.86894 -14.72343 -12.02394 40.88945 -14.72343 -12.02394 39.86894 -14.72343 -12.02394 40.88945 -14.24807 -12.165 39.86894 -14.72343 -12.02394 39.86894 -14.24807 -12.165 40.88945 -14.24807 -12.165 40.88945 -14.72343 -12.02394 40.88945 -14.24807 -12.165 39.86894 -14.72343 -12.02394 39.86894 -14.24807 -12.165 40.88945 -13.80795 -12.29563 39.86894 -14.24807 -12.165 39.86894 -13.80795 -12.29563 40.88945 -13.80795 -12.29563 40.88945 -14.24807 -12.165 40.88945 -13.80795 -12.29563 39.86894 -14.24807 -12.165 39.86894 -13.80795 -12.29563 40.88945 -13.40602 -12.47638 39.86894 -13.80795 -12.29563 39.86894 -13.40602 -12.47638 40.88945 -13.40602 -12.47638 40.88945 -13.80795 -12.29563 40.88945 -13.40602 -12.47638 39.86894 -13.80795 -12.29563 39.86894 -13.40602 -12.47638 40.88945 -13.06874 -12.62217 39.86894 -13.40602 -12.47638 39.86894 -13.06874 -12.62217 40.88945 -13.06874 -12.62217 40.88945 -13.40602 -12.47638 40.88945 -13.06874 -12.62217 39.86894 -13.40602 -12.47638 39.86894 -8.677913 -12.70673 40.88945 -8.33933 -12.62217 39.86894 -8.677913 -12.70673 39.86894 -8.33933 -12.62217 40.88945 -8.33933 -12.62217 40.88945 -8.677913 -12.70673 40.88945 -8.33933 -12.62217 39.86894 -8.677913 -12.70673 39.86894 -8.33933 -12.62217 40.88945 -8.002087 -12.47638 39.86894 -8.33933 -12.62217 39.86894 -8.002087 -12.47638 40.88945 -8.002087 -12.47638 40.88945 -8.33933 -12.62217 40.88945 -8.002087 -12.47638 39.86894 -8.33933 -12.62217 39.86894 -8.002087 -12.47638 40.88945 -7.600158 -12.29563 39.86894 -8.002087 -12.47638 39.86894 -7.600158 -12.29563 40.88945 -7.600158 -12.29563 40.88945 -8.002087 -12.47638 40.88945 -7.600158 -12.29563 39.86894 -8.002087 -12.47638 39.86894 -7.600158 -12.29563 40.88945 -7.16 -12.165 39.86894 -7.600158 -12.29563 39.86894 -7.16 -12.165 40.88945 -7.16 -12.165 40.88945 -7.600158 -12.29563 40.88945 -7.16 -12.165 39.86894 -7.600158 -12.29563 39.86894 -7.16 -12.165 40.88945 -6.684685 -12.02394 39.86894 -7.16 -12.165 39.86894 -6.684685 -12.02394 40.88945 -6.684685 -12.02394 40.88945 -7.16 -12.165 40.88945 -6.684685 -12.02394 39.86894 -7.16 -12.165 39.86894 -6.684685 -11.89378 40.88945 -6.684685 -12.02394 39.86894 -6.684685 -12.02394 40.88945 -6.684685 -11.89378 39.86894 -6.684685 -11.89378 39.86894 -6.684685 -11.89378 40.88945 -6.684685 -12.02394 39.86894 -6.684685 -12.02394 40.88945</float_array>
                    <technique_common>
                        <accessor count="392" source="#ID152" stride="3">
                            <param name="X" type="float" />
                            <param name="Y" type="float" />
                            <param name="Z" type="float" />
                        </accessor>
                    </technique_common>
                </source>
                <source id="ID149">
                    <float_array id="ID153" count="1176">0.08156766 0.9966678 -1.207911e-29 0.08156766 0.9966678 -1.207911e-29 0.08156766 0.9966678 -1.207911e-29 0.08156766 0.9966678 -1.207911e-29 -0.08156766 -0.9966678 1.207911e-29 -0.08156766 -0.9966678 1.207911e-29 -0.08156766 -0.9966678 1.207911e-29 -0.08156766 -0.9966678 1.207911e-29 0 1 0 0 1 0 0 1 0 0 1 0 -0 -1 -0 -0 -1 -0 -0 -1 -0 -0 -1 -0 0 0 -1 0 0 -1 0 0 -1 0 0 -1 0 0 -1 0 0 -1 0 0 -1 0 0 -1 0 0 -1 0 0 -1 0 0 -1 0 0 -1 0 0 -1 0 0 -1 0 0 -1 0 0 -1 0 0 -1 0 0 -1 0 0 -1 0 0 -1 0 0 -1 0 0 -1 0 0 -1 0 0 -1 0 0 -1 0 0 -1 0 0 -1 0 0 -1 0 0 -1 0 0 -1 0 0 -1 0 0 -1 0 0 -1 0 0 -1 -0 -0 1 -0 -0 1 -0 -0 1 -0 -0 1 -0 -0 1 -0 -0 1 -0 -0 1 -0 -0 1 -0 -0 1 -0 -0 1 -0 -0 1 -0 -0 1 -0 -0 1 -0 -0 1 -0 -0 1 -0 -0 1 -0 -0 1 -0 -0 1 -0 -0 1 -0 -0 1 -0 -0 1 -0 -0 1 -0 -0 1 -0 -0 1 -0 -0 1 -0 -0 1 -0 -0 1 -0 -0 1 -0 -0 1 -0 -0 1 -0 -0 1 -0 -0 1 -0 -0 1 -0 -0 1 0.2423479 0.9701894 -3.23207e-18 0.2423479 0.9701894 -3.23207e-18 0.2423479 0.9701894 -3.23207e-18 0.2423479 0.9701894 -3.23207e-18 -0.2423479 -0.9701894 3.23207e-18 -0.2423479 -0.9701894 3.23207e-18 -0.2423479 -0.9701894 3.23207e-18 -0.2423479 -0.9701894 3.23207e-18 1.740554e-31 -8.268694e-32 1 1.740554e-31 -8.268694e-32 1 1.740554e-31 -8.268694e-32 1 1.740554e-31 -8.268694e-32 1 1.740554e-31 -8.268694e-32 1 1.740554e-31 -8.268694e-32 1 1.740554e-31 -8.268694e-32 1 1.740554e-31 -8.268694e-32 1 1.740554e-31 -8.268694e-32 1 1.740554e-31 -8.268694e-32 1 1.740554e-31 -8.268694e-32 1 1.740554e-31 -8.268694e-32 1 1.740554e-31 -8.268694e-32 1 1.740554e-31 -8.268694e-32 1 1.740554e-31 -8.268694e-32 1 1.740554e-31 -8.268694e-32 1 1.740554e-31 -8.268694e-32 1 1.740554e-31 -8.268694e-32 1 1.740554e-31 -8.268694e-32 1 1.740554e-31 -8.268694e-32 1 1.740554e-31 -8.268694e-32 1 1.740554e-31 -8.268694e-32 1 1.740554e-31 -8.268694e-32 1 1.740554e-31 -8.268694e-32 1 1.740554e-31 -8.268694e-32 1 1.740554e-31 -8.268694e-32 1 1.740554e-31 -8.268694e-32 1 1.740554e-31 -8.268694e-32 1 1.740554e-31 -8.268694e-32 1 1.740554e-31 -8.268694e-32 1 1.740554e-31 -8.268694e-32 1 1.740554e-31 -8.268694e-32 1 1.740554e-31 -8.268694e-32 1 1.740554e-31 -8.268694e-32 1 -1.740554e-31 8.268694e-32 -1 -1.740554e-31 8.268694e-32 -1 -1.740554e-31 8.268694e-32 -1 -1.740554e-31 8.268694e-32 -1 -1.740554e-31 8.268694e-32 -1 -1.740554e-31 8.268694e-32 -1 -1.740554e-31 8.268694e-32 -1 -1.740554e-31 8.268694e-32 -1 -1.740554e-31 8.268694e-32 -1 -1.740554e-31 8.268694e-32 -1 -1.740554e-31 8.268694e-32 -1 -1.740554e-31 8.268694e-32 -1 -1.740554e-31 8.268694e-32 -1 -1.740554e-31 8.268694e-32 -1 -1.740554e-31 8.268694e-32 -1 -1.740554e-31 8.268694e-32 -1 -1.740554e-31 8.268694e-32 -1 -1.740554e-31 8.268694e-32 -1 -1.740554e-31 8.268694e-32 -1 -1.740554e-31 8.268694e-32 -1 -1.740554e-31 8.268694e-32 -1 -1.740554e-31 8.268694e-32 -1 -1.740554e-31 8.268694e-32 -1 -1.740554e-31 8.268694e-32 -1 -1.740554e-31 8.268694e-32 -1 -1.740554e-31 8.268694e-32 -1 -1.740554e-31 8.268694e-32 -1 -1.740554e-31 8.268694e-32 -1 -1.740554e-31 8.268694e-32 -1 -1.740554e-31 8.268694e-32 -1 -1.740554e-31 8.268694e-32 -1 -1.740554e-31 8.268694e-32 -1 -1.740554e-31 8.268694e-32 -1 -1.740554e-31 8.268694e-32 -1 -0.08156766 0.9966678 1.086932e-18 -0.08156766 0.9966678 1.086932e-18 -0.08156766 0.9966678 1.086932e-18 -0.08156766 0.9966678 1.086932e-18 0.08156766 -0.9966678 -1.086932e-18 0.08156766 -0.9966678 -1.086932e-18 0.08156766 -0.9966678 -1.086932e-18 0.08156766 -0.9966678 -1.086932e-18 1 0 0 1 0 0 1 0 0 1 0 0 -1 -0 -0 -1 -0 -0 -1 -0 -0 -1 -0 -0 0 -1 0 0 -1 0 0 -1 0 0 -1 0 -0 1 -0 -0 1 -0 -0 1 -0 -0 1 -0 0.1538345 -0.9880966 -2.488265e-29 0.1538345 -0.9880966 -2.488265e-29 0.1538345 -0.9880966 -2.488265e-29 0.1538345 -0.9880966 -2.488265e-29 -0.1538345 0.9880966 2.488265e-29 -0.1538345 0.9880966 2.488265e-29 -0.1538345 0.9880966 2.488265e-29 -0.1538345 0.9880966 2.488265e-29 0.2845484 -0.9586617 -1.161849e-29 0.2845484 -0.9586617 -1.161849e-29 0.2845484 -0.9586617 -1.161849e-29 0.2845484 -0.9586617 -1.161849e-29 -0.2845484 0.9586617 1.161849e-29 -0.2845484 0.9586617 1.161849e-29 -0.2845484 0.9586617 1.161849e-29 -0.2845484 0.9586617 1.161849e-29 0.410114 -0.9120343 6.076665e-18 0.410114 -0.9120343 6.076665e-18 0.410114 -0.9120343 6.076665e-18 0.410114 -0.9120343 6.076665e-18 -0.410114 0.9120343 -6.076665e-18 -0.410114 0.9120343 -6.076665e-18 -0.410114 0.9120343 -6.076665e-18 -0.410114 0.9120343 -6.076665e-18 0.3967498 -0.9179268 5.286898e-18 0.3967498 -0.9179268 5.286898e-18 0.3967498 -0.9179268 5.286898e-18 0.3967498 -0.9179268 5.286898e-18 -0.3967498 0.9179268 -5.286898e-18 -0.3967498 0.9179268 -5.286898e-18 -0.3967498 0.9179268 -5.286898e-18 -0.3967498 0.9179268 -5.286898e-18 0.242392 -0.9701784 -3.229999e-18 0.242392 -0.9701784 -3.229999e-18 0.242392 -0.9701784 -3.229999e-18 0.242392 -0.9701784 -3.229999e-18 -0.242392 0.9701784 3.229999e-18 -0.242392 0.9701784 3.229999e-18 -0.242392 0.9701784 3.229999e-18 -0.242392 0.9701784 3.229999e-18 0.08147275 -0.9966756 1.085667e-18 0.08147275 -0.9966756 1.085667e-18 0.08147275 -0.9966756 1.085667e-18 0.08147275 -0.9966756 1.085667e-18 -0.08147275 0.9966756 -1.085667e-18 -0.08147275 0.9966756 -1.085667e-18 -0.08147275 0.9966756 -1.085667e-18 -0.08147275 0.9966756 -1.085667e-18 0 -1 0 0 -1 0 0 -1 0 0 -1 0 -0 1 -0 -0 1 -0 -0 1 -0 -0 1 -0 -0.08147259 -0.9966756 0 -0.08147259 -0.9966756 0 -0.08147259 -0.9966756 0 -0.08147259 -0.9966756 0 0.08147259 0.9966756 -0 0.08147259 0.9966756 -0 0.08147259 0.9966756 -0 0.08147259 0.9966756 -0 -0.2423924 -0.9701783 3.230005e-18 -0.2423924 -0.9701783 3.230005e-18 -0.2423924 -0.9701783 3.230005e-18 -0.2423924 -0.9701783 3.230005e-18 0.2423924 0.9701783 -3.230005e-18 0.2423924 0.9701783 -3.230005e-18 0.2423924 0.9701783 -3.230005e-18 0.2423924 0.9701783 -3.230005e-18 -0.3967491 -0.9179271 0 -0.3967491 -0.9179271 0 -0.3967491 -0.9179271 0 -0.3967491 -0.9179271 0 0.3967491 0.9179271 -0 0.3967491 0.9179271 -0 0.3967491 0.9179271 -0 0.3967491 0.9179271 -0 -0.4101144 -0.9120341 -6.116771e-19 -0.4101144 -0.9120341 -6.116771e-19 -0.4101144 -0.9120341 -6.116771e-19 -0.4101144 -0.9120341 -6.116771e-19 0.4101144 0.9120341 6.116771e-19 0.4101144 0.9120341 6.116771e-19 0.4101144 0.9120341 6.116771e-19 0.4101144 0.9120341 6.116771e-19 -0.2845484 -0.9586617 1.161849e-29 -0.2845484 -0.9586617 1.161849e-29 -0.2845484 -0.9586617 1.161849e-29 -0.2845484 -0.9586617 1.161849e-29 0.2845484 0.9586617 -1.161849e-29 0.2845484 0.9586617 -1.161849e-29 0.2845484 0.9586617 -1.161849e-29 0.2845484 0.9586617 -1.161849e-29 -0.1538343 -0.9880967 0 -0.1538343 -0.9880967 0 -0.1538343 -0.9880967 0 -0.1538343 -0.9880967 0 0.1538343 0.9880967 -0 0.1538343 0.9880967 -0 0.1538343 0.9880967 -0 0.1538343 0.9880967 -0 0 -1 0 0 -1 0 0 -1 0 0 -1 0 -0 1 -0 -0 1 -0 -0 1 -0 -0 1 -0 -1 0 0 -1 0 0 -1 0 0 -1 0 0 1 -0 -0 1 -0 -0 1 -0 -0 1 -0 -0 1 0 0 1 0 0 1 0 0 1 0 0 -1 -0 -0 -1 -0 -0 -1 -0 -0 -1 -0 -0 0.28449 0.958679 0 0.28449 0.958679 0 0.28449 0.958679 0 0.28449 0.958679 0 -0.28449 -0.958679 -0 -0.28449 -0.958679 -0 -0.28449 -0.958679 -0 -0.28449 -0.958679 -0 0.2845387 0.9586645 -1.161853e-29 0.2845387 0.9586645 -1.161853e-29 0.2845387 0.9586645 -1.161853e-29 0.2845387 0.9586645 -1.161853e-29 -0.2845387 -0.9586645 1.161853e-29 -0.2845387 -0.9586645 1.161853e-29 -0.2845387 -0.9586645 1.161853e-29 -0.2845387 -0.9586645 1.161853e-29 0.4101388 0.9120231 -6.076591e-18 0.4101388 0.9120231 -6.076591e-18 0.4101388 0.9120231 -6.076591e-18 0.4101388 0.9120231 -6.076591e-18 -0.4101388 -0.9120231 6.076591e-18 -0.4101388 -0.9120231 6.076591e-18 -0.4101388 -0.9120231 6.076591e-18 -0.4101388 -0.9120231 6.076591e-18 0.3967623 0.9179214 -4.808557e-30 0.3967623 0.9179214 -4.808557e-30 0.3967623 0.9179214 -4.808557e-30 0.3967623 0.9179214 -4.808557e-30 -0.3967623 -0.9179214 4.808557e-30 -0.3967623 -0.9179214 4.808557e-30 -0.3967623 -0.9179214 4.808557e-30 -0.3967623 -0.9179214 4.808557e-30 -0.2423209 0.9701962 -3.040418e-21 -0.2423209 0.9701962 -3.040418e-21 -0.2423209 0.9701962 -3.040418e-21 -0.2423209 0.9701962 -3.040418e-21 0.2423209 -0.9701962 3.040418e-21 0.2423209 -0.9701962 3.040418e-21 0.2423209 -0.9701962 3.040418e-21 0.2423209 -0.9701962 3.040418e-21 -0.3968017 0.9179043 0 -0.3968017 0.9179043 0 -0.3968017 0.9179043 0 -0.3968017 0.9179043 0 0.3968017 -0.9179043 -0 0.3968017 -0.9179043 -0 0.3968017 -0.9179043 -0 0.3968017 -0.9179043 -0 -0.4101392 0.912023 6.07659e-18 -0.4101392 0.912023 6.07659e-18 -0.4101392 0.912023 6.07659e-18 -0.4101392 0.912023 6.07659e-18 0.4101392 -0.912023 -6.07659e-18 0.4101392 -0.912023 -6.07659e-18 0.4101392 -0.912023 -6.07659e-18 0.4101392 -0.912023 -6.07659e-18 -0.2845149 0.9586716 3.791309e-18 -0.2845149 0.9586716 3.791309e-18 -0.2845149 0.9586716 3.791309e-18 -0.2845149 0.9586716 3.791309e-18 0.2845149 -0.9586716 -3.791309e-18 0.2845149 -0.9586716 -3.791309e-18 0.2845149 -0.9586716 -3.791309e-18 0.2845149 -0.9586716 -3.791309e-18 -0.2845123 0.9586724 3.791274e-18 -0.2845123 0.9586724 3.791274e-18 -0.2845123 0.9586724 3.791274e-18 -0.2845123 0.9586724 3.791274e-18 0.2845123 -0.9586724 -3.791274e-18 0.2845123 -0.9586724 -3.791274e-18 0.2845123 -0.9586724 -3.791274e-18 0.2845123 -0.9586724 -3.791274e-18 -1 0 0 -1 0 0 -1 0 0 -1 0 0 1 -0 -0 1 -0 -0 1 -0 -0 1 -0 -0</float_array>
                    <technique_common>
                        <accessor count="392" source="#ID153" stride="3">
                            <param name="X" type="float" />
                            <param name="Y" type="float" />
                            <param name="Z" type="float" />
                        </accessor>
                    </technique_common>
                </source>
                <source id="ID151">
                    <float_array id="ID154" count="392">0.697162 0.320753 0.694156 0.312181 0.697162 0.312181 0.694156 0.320753 0.6015 0.340207 0.610072 0.312181 0.610072 0.340207 0.6015 0.312181 0.04499025 0.7289907 0.04608402 0.7318522 0.04499025 0.7318522 0.04875493 0.7318522 0.04875493 0.7289907 0.04499025 0.7993819 0.04875493 0.8022433 0.04499025 0.8022433 0.04875493 0.7993819 0.04608402 0.7993819 0.04726943 0.7953886 0.04930545 0.795847 0.05032379 0.7924174 0.04836718 0.7916914 0.05179141 0.7891547 0.04988609 0.788315 0.05308998 0.7861513 0.0511112 0.7854816 0.05388334 0.782977 0.05182185 0.7826377 0.05415 0.779716 0.052068 0.779631 0.05415 0.751518 0.052068 0.751603 0.05182185 0.7485963 0.05388334 0.748257 0.0511112 0.7457521 0.05308998 0.7450827 0.04988609 0.742919 0.05179141 0.7420793 0.04836718 0.7395426 0.05032379 0.7388167 0.04726943 0.7358451 0.04930545 0.735387 0.722097 0.362361 0.719253 0.353788 0.722097 0.353788 0.719253 0.362361 0.005243777 0.735388 0.002023901 0.7318532 0.004693521 0.7318532 0.003208742 0.7358464 0.006261629 0.7388177 0.004305958 0.7395436 0.007728544 0.7420803 0.005824136 0.7429201 0.009026489 0.7450837 0.007048662 0.7457534 0.009819468 0.748258 0.007758967 0.7485974 0.010086 0.751519 0.008005 0.751604 0.010086 0.779717 0.008005 0.779632 0.007758967 0.7826387 0.009819468 0.782978 0.007048662 0.785483 0.009026489 0.7861524 0.005824136 0.788316 0.007728544 0.7891557 0.004305958 0.7916924 0.006261629 0.7924184 0.003208742 0.79539 0.005243777 0.7958481 0.002023901 0.7993829 0.004693521 0.7993829 0.004693521 0.8022444 0.0009306569 0.7993829 0.0009306569 0.8022444 0.0009306569 0.7289917 0.004693521 0.7289917 0.0009306569 0.7318532 0.692296 0.320753 0.68929 0.312181 0.692296 0.312181 0.68929 0.320753 0.5944934 0.353788 0.59073 0.362361 0.59073 0.353788 0.5944934 0.362361 0.711467 0.320753 0.708606 0.312181 0.711467 0.312181 0.708606 0.320753 0.631064 0.35081 0.62753 0.342237 0.631064 0.342237 0.62753 0.35081 0.641643 0.35081 0.638213 0.342237 0.641643 0.342237 0.638213 0.35081 0.66242 0.320753 0.659158 0.312181 0.66242 0.312181 0.659158 0.320753 0.702025 0.320753 0.699022 0.312181 0.702025 0.312181 0.699022 0.320753 0.677697 0.320753 0.674523 0.312181 0.677697 0.312181 0.674523 0.320753 0.667601 0.331185 0.66434 0.322612 0.667601 0.322612 0.66434 0.331185 0.570123 0.340378 0.578695 0.31218 0.578695 0.340378 0.570123 0.31218 0.669046 0.362361 0.665785 0.353788 0.669046 0.353788 0.665785 0.362361 0.682703 0.331185 0.679528 0.322613 0.682703 0.322613 0.679528 0.331185 0.702121 0.35081 0.699118 0.342237 0.702121 0.342237 0.699118 0.35081 0.667543 0.320753 0.66428 0.312181 0.667543 0.312181 0.66428 0.320753 0.641766 0.331185 0.638336 0.322613 0.641766 0.322613 0.638336 0.331185 0.62751 0.362361 0.623976 0.353788 0.62751 0.353788 0.623976 0.362361 0.716161 0.331185 0.7133 0.322613 0.716161 0.322613 0.7133 0.331185 0.5888896 0.35081 0.592653 0.342237 0.592653 0.35081 0.5888896 0.342237 0.734483 0.342237 0.73339 0.35081 0.73339 0.342237 0.734483 0.35081 0.566149 0.362361 0.562156 0.353788 0.566149 0.353788 0.562156 0.362361 0.611165 0.362361 0.607467 0.353788 0.611165 0.353788 0.607467 0.362361 0.647054 0.320753 0.643677 0.312181 0.647054 0.312181 0.643677 0.320753 0.730288 0.320753 0.727455 0.312181 0.730288 0.312181 0.727455 0.320753 0.720891 0.320753 0.718048 0.312181 0.720891 0.312181 0.718048 0.320753 0.73025 0.331185 0.727417 0.322613 0.73025 0.322613 0.727417 0.331185 0.641818 0.320753 0.638442 0.312181 0.641818 0.312181 0.638442 0.320753 0.609324 0.35081 0.605627 0.342237 0.609324 0.342237 0.605627 0.35081 0.570162 0.35081 0.566169 0.342237 0.570162 0.342237 0.566169 0.35081 0.73211 0.331185 0.733204 0.322613 0.733204 0.331185 0.73211 0.322613</float_array>
                    <technique_common>
                        <accessor count="196" source="#ID154" stride="2">
                            <param name="S" type="float" />
                            <param name="T" type="float" />
                        </accessor>
                    </technique_common>
                </source>
                <vertices id="ID150">
                    <input semantic="POSITION" source="#ID148" />
                    <input semantic="NORMAL" source="#ID149" />
                </vertices>
                <triangles count="256" material="Material2">
                    <input offset="0" semantic="VERTEX" source="#ID150" />
                    <input offset="1" semantic="TEXCOORD" source="#ID151" />
                    <p>0 0 1 1 2 2 1 1 0 0 3 3 4 3 5 0 6 1 7 2 6 1 5 0 8 4 9 5 10 6 9 5 8 4 11 7 12 7 13 4 14 5 15 6 14 5 13 4 16 8 17 9 18 10 17 9 16 8 19 11 19 11 16 8 20 12 21 13 22 14 23 15 22 14 21 13 24 16 24 16 21 13 25 17 24 16 25 17 26 18 24 16 26 18 27 19 27 19 26 18 28 20 28 20 26 18 29 21 28 20 29 21 30 22 30 22 29 21 31 23 30 22 31 23 32 24 32 24 31 23 33 25 32 24 33 25 34 26 34 26 33 25 35 27 34 26 35 27 36 28 36 28 35 27 37 29 36 28 37 29 38 30 38 30 37 29 39 31 38 30 39 31 40 32 38 30 40 32 41 33 41 33 40 32 42 34 41 33 42 34 43 35 43 35 42 34 44 36 43 35 44 36 45 37 45 37 44 36 46 38 45 37 46 38 47 39 47 39 46 38 48 40 47 39 48 40 49 41 49 41 48 40 17 9 49 41 17 9 19 11 50 11 51 9 52 41 51 9 53 40 52 41 52 41 53 40 54 39 53 40 55 38 54 39 54 39 55 38 56 37 55 38 57 36 56 37 56 37 57 36 58 35 57 36 59 34 58 35 58 35 59 34 60 33 59 34 61 32 60 33 60 33 61 32 62 30 61 32 63 31 62 30 63 31 64 29 62 30 62 30 64 29 65 28 64 29 66 27 65 28 65 28 66 27 67 26 66 27 68 25 67 26 67 26 68 25 69 24 68 25 70 23 69 24 69 24 70 23 71 22 70 23 72 21 71 22 71 22 72 21 73 20 72 21 74 18 73 20 73 20 74 18 75 19 75 19 74 18 76 16 74 18 77 17 76 16 77 17 78 13 76 16 76 16 78 13 79 14 80 15 79 14 78 13 81 12 82 8 50 11 50 11 82 8 51 9 83 10 51 9 82 8 84 42 85 43 86 44 85 43 84 42 87 45 88 45 89 42 90 43 91 44 90 43 89 42 92 46 93 47 94 48 93 47 92 46 95 49 95 49 92 46 96 50 95 49 96 50 97 51 97 51 96 50 98 52 97 51 98 52 99 53 99 53 98 52 100 54 99 53 100 54 101 55 101 55 100 54 102 56 101 55 102 56 103 57 103 57 102 56 104 58 103 57 104 58 105 59 105 59 104 58 106 60 105 59 106 60 107 61 107 61 106 60 108 62 108 62 106 60 109 63 108 62 109 63 110 64 110 64 109 63 111 65 110 64 111 65 112 66 112 66 111 65 113 67 112 66 113 67 114 68 114 68 113 67 115 69 114 68 115 69 116 70 116 70 115 69 117 71 116 70 117 71 118 72 118 72 117 71 119 73 118 72 119 73 120 74 118 72 120 74 121 75 121 75 120 74 122 76 94 48 123 77 124 78 123 77 94 48 125 79 125 79 94 48 93 47 126 47 127 48 128 79 128 79 127 48 129 77 130 78 129 77 127 48 131 76 132 74 133 75 133 75 132 74 134 72 132 74 135 73 134 72 135 73 136 71 134 72 134 72 136 71 137 70 136 71 138 69 137 70 137 70 138 69 139 68 138 69 140 67 139 68 139 68 140 67 141 66 140 67 142 65 141 66 141 66 142 65 143 64 142 65 144 63 143 64 143 64 144 63 145 62 144 63 146 60 145 62 145 62 146 60 147 61 147 61 146 60 148 59 146 60 149 58 148 59 148 59 149 58 150 57 149 58 151 56 150 57 150 57 151 56 152 55 151 56 153 54 152 55 152 55 153 54 154 53 153 54 155 52 154 53 154 53 155 52 156 51 155 52 157 50 156 51 156 51 157 50 158 49 157 50 159 46 158 49 158 49 159 46 126 47 127 48 126 47 159 46 160 80 161 81 162 82 161 81 160 80 163 83 164 83 165 80 166 81 167 82 166 81 165 80 168 84 169 85 170 86 169 85 168 84 171 87 172 87 173 84 174 85 175 86 174 85 173 84 176 88 177 89 178 90 177 89 176 88 179 91 180 91 181 88 182 89 183 90 182 89 181 88 184 92 185 93 186 94 185 93 184 92 187 95 188 95 189 92 190 93 191 94 190 93 189 92 192 96 193 97 194 98 193 97 192 96 195 99 196 99 197 96 198 97 199 98 198 97 197 96 200 100 201 101 202 102 201 101 200 100 203 103 204 103 205 100 206 101 207 102 206 101 205 100 208 104 209 105 210 106 209 105 208 104 211 107 212 107 213 104 214 105 215 106 214 105 213 104 216 108 217 109 218 110 217 109 216 108 219 111 220 111 221 108 222 109 223 110 222 109 221 108 224 112 225 113 226 114 225 113 224 112 227 115 228 115 229 112 230 113 231 114 230 113 229 112 232 116 233 117 234 118 233 117 232 116 235 119 236 119 237 116 238 117 239 118 238 117 237 116 240 120 241 121 242 122 241 121 240 120 243 123 244 123 245 120 246 121 247 122 246 121 245 120 248 124 249 125 250 126 249 125 248 124 251 127 252 127 253 124 254 125 255 126 254 125 253 124 256 128 257 129 258 130 257 129 256 128 259 131 260 131 261 128 262 129 263 130 262 129 261 128 264 132 265 133 266 134 265 133 264 132 267 135 268 135 269 132 270 133 271 134 270 133 269 132 272 136 273 137 274 138 273 137 272 136 275 139 276 139 277 136 278 137 279 138 278 137 277 136 280 140 281 141 282 142 281 141 280 140 283 143 284 143 285 140 286 141 287 142 286 141 285 140 288 144 289 145 290 146 289 145 288 144 291 147 292 147 293 144 294 145 295 146 294 145 293 144 296 148 297 149 298 150 297 149 296 148 299 151 300 151 301 148 302 149 303 150 302 149 301 148 304 152 305 153 306 154 305 153 304 152 307 155 308 155 309 152 310 153 311 154 310 153 309 152 312 156 313 157 314 158 313 157 312 156 315 159 316 159 317 156 318 157 319 158 318 157 317 156 320 160 321 161 322 162 321 161 320 160 323 163 324 163 325 160 326 161 327 162 326 161 325 160 328 164 329 165 330 166 329 165 328 164 331 167 332 167 333 164 334 165 335 166 334 165 333 164 336 168 337 169 338 170 337 169 336 168 339 171 340 171 341 168 342 169 343 170 342 169 341 168 344 172 345 173 346 174 345 173 344 172 347 175 348 175 349 172 350 173 351 174 350 173 349 172 352 176 353 177 354 178 353 177 352 176 355 179 356 179 357 176 358 177 359 178 358 177 357 176 360 180 361 181 362 182 361 181 360 180 363 183 364 183 365 180 366 181 367 182 366 181 365 180 368 184 369 185 370 186 369 185 368 184 371 187 372 187 373 184 374 185 375 186 374 185 373 184 376 188 377 189 378 190 377 189 376 188 379 191 380 191 381 188 382 189 383 190 382 189 381 188 384 192 385 193 386 194 385 193 384 192 387 195 388 195 389 192 390 193 391 194 390 193 389 192</p>
                </triangles>
            </mesh>
        </geometry>
    </library_geometries>
    <library_materials>
        <material id="ID5" name="wood_diffuse">
            <instance_effect url="#ID6" />
        </material>
        <material id="ID54" name="cardboard_diffuse">
            <instance_effect url="#ID55" />
        </material>
        <material id="ID87" name="material_albedo">
            <instance_effect url="#ID88" />
        </material>
    </library_materials>
    <library_effects>
        <effect id="ID6">
            <profile_COMMON>
                <newparam sid="ID8">
                    <surface type="2D">
                        <init_from>ID7</init_from>
                    </surface>
                </newparam>
                <newparam sid="ID9">
                    <sampler2D>
                        <source>ID8</source>
                    </sampler2D>
                </newparam>
                <technique sid="COMMON">
                    <lambert>
                        <diffuse>
                            <texture texture="ID9" texcoord="UVSET0" />
                        </diffuse>
                    </lambert>
                </technique>
            </profile_COMMON>
        </effect>
        <effect id="ID55">
            <profile_COMMON>
                <newparam sid="ID57">
                    <surface type="2D">
                        <init_from>ID56</init_from>
                    </surface>
                </newparam>
                <newparam sid="ID58">
                    <sampler2D>
                        <source>ID57</source>
                    </sampler2D>
                </newparam>
                <technique sid="COMMON">
                    <lambert>
                        <diffuse>
                            <texture texture="ID58" texcoord="UVSET0" />
                        </diffuse>
                    </lambert>
                </technique>
            </profile_COMMON>
        </effect>
        <effect id="ID88">
            <profile_COMMON>
                <newparam sid="ID90">
                    <surface type="2D">
                        <init_from>ID89</init_from>
                    </surface>
                </newparam>
                <newparam sid="ID91">
                    <sampler2D>
                        <source>ID90</source>
                    </sampler2D>
                </newparam>
                <technique sid="COMMON">
                    <lambert>
                        <diffuse>
                            <texture texture="ID91" texcoord="UVSET0" />
                        </diffuse>
                    </lambert>
                </technique>
            </profile_COMMON>
        </effect>
    </library_effects>
    <library_images>
        <image id="ID7">
            <init_from>ToolChest03/wood_diffuse.jpg</init_from>
        </image>
        <image id="ID56">
            <init_from>ToolChest03/cardboard_diffuse.jpg</init_from>
        </image>
        <image id="ID89">
            <init_from>ToolChest03/material_albedo.jpg</init_from>
        </image>
    </library_images>
    <library_nodes>
        <node id="ID85" name="toolbox.obj_1">
            <instance_geometry url="#ID86">
                <bind_material>
                    <technique_common>
                        <instance_material symbol="Material2" target="#ID87">
                            <bind_vertex_input semantic="UVSET0" input_semantic="TEXCOORD" input_set="0" />
                        </instance_material>
                    </technique_common>
                </bind_material>
            </instance_geometry>
            <instance_geometry url="#ID99">
                <bind_material>
                    <technique_common>
                        <instance_material symbol="Material2" target="#ID87">
                            <bind_vertex_input semantic="UVSET0" input_semantic="TEXCOORD" input_set="0" />
                        </instance_material>
                    </technique_common>
                </bind_material>
            </instance_geometry>
            <instance_geometry url="#ID107">
                <bind_material>
                    <technique_common>
                        <instance_material symbol="Material2" target="#ID87">
                            <bind_vertex_input semantic="UVSET0" input_semantic="TEXCOORD" input_set="0" />
                        </instance_material>
                    </technique_common>
                </bind_material>
            </instance_geometry>
            <instance_geometry url="#ID115">
                <bind_material>
                    <technique_common>
                        <instance_material symbol="Material2" target="#ID87">
                            <bind_vertex_input semantic="UVSET0" input_semantic="TEXCOORD" input_set="0" />
                        </instance_material>
                    </technique_common>
                </bind_material>
            </instance_geometry>
            <instance_geometry url="#ID123">
                <bind_material>
                    <technique_common>
                        <instance_material symbol="Material2" target="#ID87">
                            <bind_vertex_input semantic="UVSET0" input_semantic="TEXCOORD" input_set="0" />
                        </instance_material>
                    </technique_common>
                </bind_material>
            </instance_geometry>
            <instance_geometry url="#ID131">
                <bind_material>
                    <technique_common>
                        <instance_material symbol="Material2" target="#ID87">
                            <bind_vertex_input semantic="UVSET0" input_semantic="TEXCOORD" input_set="0" />
                        </instance_material>
                    </technique_common>
                </bind_material>
            </instance_geometry>
            <instance_geometry url="#ID139">
                <bind_material>
                    <technique_common>
                        <instance_material symbol="Material2" target="#ID87">
                            <bind_vertex_input semantic="UVSET0" input_semantic="TEXCOORD" input_set="0" />
                        </instance_material>
                    </technique_common>
                </bind_material>
            </instance_geometry>
            <instance_geometry url="#ID147">
                <bind_material>
                    <technique_common>
                        <instance_material symbol="Material2" target="#ID87">
                            <bind_vertex_input semantic="UVSET0" input_semantic="TEXCOORD" input_set="0" />
                        </instance_material>
                    </technique_common>
                </bind_material>
            </instance_geometry>
        </node>
    </library_nodes>
    <scene>
        <instance_visual_scene url="#ID2" />
    </scene>
</COLLADA>
